{
    "metadata": {},
    "filepath": "c:\\Users\\soeda\\TWA_analyzer\\data_raw\\z_freq_sweep_test0422_20260422_210553\\data_1_pos_freq_summary\\x0,y0,z0.csv",
    "dataframe": {
        "index": [
            0,
            1,
            2,
            3,
            4,
            5,
            6,
            7,
            8,
            9
        ],
        "columns": [
            "sqrt_TW_freq",
            "theta",
            "theta_sigma",
            "amp",
            "amp_sigma"
        ],
        "data": [
            [
                8.485245038215293,
                2.894120668044268,
                0.0087711159365684,
                6.837544277161833e-05,
                0.0002338734483613
            ],
            [
                11.31364318803482,
                2.678974017406384,
                0.1084073862358507,
                2.135893958741667e-05,
                5.675256583667309e-06
            ],
            [
                14.35273115549209,
                2.353246190147703,
                0.1235268933532053,
                1.075038071580333e-05,
                2.7697687261470746e-06
            ],
            [
                16.970542892637035,
                2.0554275436094773,
                0.0747931436142663,
                6.096062073386666e-06,
                1.163369151225778e-06
            ],
            [
                19.798938455617595,
                1.8444984064487315,
                0.0628387384739016,
                3.656777062125e-06,
                8.722172405293813e-07
            ],
            [
                22.62755886942587,
                1.5054960494471954,
                0.1443908367866689,
                2.1776279368216662e-06,
                4.038690252438074e-07
            ],
            [
                25.455613484141374,
                1.2757988390226476,
                0.121065072782461,
                1.4340841194833336e-06,
                2.879281294048968e-07
            ],
            [
                28.389952434094823,
                1.0629871636756003,
                0.1381813517101355,
                9.263660350220002e-07,
                2.2015402992617137e-07
            ],
            [
                31.11269850299338,
                0.6372904748545828,
                0.2027113888128144,
                5.951822354673331e-07,
                9.181059577416425e-08
            ],
            [
                33.94101138311107,
                0.3164476997438359,
                0.1206279989130784,
                5.438574451050847e-07,
                5.6595333690253483e-08
            ]
        ]
    }
}