{
    "filename": "c:\\Users\\soeda\\TWA_analyzer\\data_raw\\0212\\step_zm1_R15.txt",
    "samplename": null,
    "thickness_um": 26.5,
    "alpha_phase": 8.179822960241777e-08,
    "r2_phase": 0.9272816508945958,
    "slope_phase": -0.1642286255439168,
    "intercept_phase": 0.7666125915103607,
    "alpha_amp": 7.224427383775393e-08,
    "r2_amp": 0.9138337024905296,
    "slope_amp": -0.17475076886474197,
    "intercept_amp": -8.423560879598005,
    "alpha_ratio": 0.8832009468774439,
    "x_position": null,
    "y_position": null,
    "z_position": -1.0,
    "used_indices": [
        1,
        2,
        3,
        4,
        5,
        6,
        7,
        8,
        9,
        10,
        11,
        12,
        13,
        14,
        15
    ],
    "freq_range_min": 6.79980777,
    "freq_range_max": 13.7764219,
    "kd_min": 1.1167230840299458,
    "kd_max": 2.2624828335501146
}