{
    "metadata": {},
    "filepath": "c:\\Users\\soeda\\TWA_analyzer\\data_raw\\z_freq_sweep_test0422_20260422_210553\\data_1_pos_freq_summary\\x0,y0,zm0p3.csv",
    "dataframe": {
        "index": [
            0,
            1,
            2,
            3,
            4,
            5,
            6,
            7,
            8,
            9,
            10
        ],
        "columns": [
            "sqrt_TW_freq",
            "theta",
            "theta_sigma",
            "amp",
            "amp_sigma"
        ],
        "data": [
            [
                8.485249107251782,
                2.9021287760849512,
                0.2486702297739686,
                2.881925607305836e-05,
                9.27448204265876e-06
            ],
            [
                11.3136510217819,
                2.6747986164719166,
                0.1145426398896293,
                2.179534446133333e-05,
                5.375441744893403e-06
            ],
            [
                14.352637936589684,
                2.338005264484726,
                0.1196080239165562,
                1.1196623502925004e-05,
                2.787351444494636e-06
            ],
            [
                16.97047395889402,
                2.0609550111930868,
                0.1109848051818262,
                6.379432640343334e-06,
                1.296359348644872e-06
            ],
            [
                19.798878085007747,
                1.7663641421073848,
                0.1248258431558237,
                3.892887067036667e-06,
                8.20323285654452e-07
            ],
            [
                22.62744800678665,
                1.4705938956451752,
                0.121058293968142,
                2.3752633751466677e-06,
                2.63185799533024e-07
            ],
            [
                25.45580795757948,
                1.2475373366866522,
                0.0325941373049415,
                1.3600461443306666e-06,
                3.555081120610197e-07
            ],
            [
                28.390015314856672,
                0.8969972698288626,
                0.1943960925938477,
                9.096116171244064e-07,
                1.1898282691716025e-07
            ],
            [
                30.37885577058491,
                0.7731781155693157,
                0.0,
                6.3259693661e-07,
                0.0
            ],
            [
                31.11261873859032,
                0.475216480492372,
                0.2136920486423034,
                4.887172911179662e-07,
                1.136542577008127e-07
            ],
            [
                33.9409549223401,
                0.6578968973158311,
                0.1400992877854684,
                1.204900592437742e-06,
                3.779991786265491e-06
            ]
        ]
    }
}