{
    "filename": "c:\\Users\\soeda\\TWA_analyzer\\output\\z_sweep_test_0422_2105\\pos_sammarized\\x0,y0,zm0p3.csv",
    "samplename": null,
    "thickness_um": 50.0,
    "alpha_phase": 8.298526707793549e-07,
    "r2_phase": 0.9776174764327061,
    "slope_phase": -0.09728467730091314,
    "intercept_phase": 3.715936483660866,
    "alpha_amp": 6.481902081731653e-07,
    "r2_amp": 0.8472320306964589,
    "slope_amp": -0.11007627071271216,
    "intercept_amp": -7.257458026284912,
    "alpha_ratio": 0.7810907056121401,
    "x_position": 0.0,
    "y_position": 0.0,
    "z_position": -0.3,
    "used_indices": [
        1,
        2,
        3,
        4,
        5,
        6,
        7,
        8,
        9,
        10
    ],
    "freq_range_min": 11.3136510217819,
    "freq_range_max": 33.9409549223401,
    "kd_min": 1.1006448887491984,
    "kd_max": 3.301934846904696
}