{
    "filename": "c:\\Users\\soeda\\TWA_analyzer\\data_raw\\z_freq_sweep_test0422_20260422_210553\\data_1_pos_freq_summary\\x0,y0,zm0p3.csv",
    "samplename": null,
    "thickness_um": 50.0,
    "alpha_phase": 7.796720456678113e-07,
    "r2_phase": 0.9979284837704858,
    "slope_phase": -0.10036654146197542,
    "intercept_phase": 3.777407180398949,
    "alpha_amp": 4.4573568247926027e-07,
    "r2_amp": 0.9986475917565225,
    "slope_amp": -0.1327413528992028,
    "intercept_amp": -6.837519326160021,
    "alpha_ratio": 0.5716963753618677,
    "x_position": null,
    "y_position": null,
    "z_position": null,
    "used_indices": [
        1,
        2,
        3,
        4,
        5,
        6,
        7,
        8
    ],
    "freq_range_min": 11.3136510217819,
    "freq_range_max": 30.37885577058491,
    "kd_min": 1.1355120243639938,
    "kd_max": 3.0490206872657817
}