{
    "metadata": {},
    "filepath": "c:\\Users\\soeda\\TWA_analyzer\\data_raw\\z_freq_sweep_test0422_20260422_210553\\data_1_pos_freq_summary\\x0,y0,zm0p6.csv",
    "dataframe": {
        "index": [
            0,
            1,
            2,
            3,
            4,
            5,
            6,
            7,
            8,
            9
        ],
        "columns": [
            "sqrt_TW_freq",
            "theta",
            "theta_sigma",
            "amp",
            "amp_sigma"
        ],
        "data": [
            [
                8.485249925284826,
                2.8749222474431937,
                0.3531704308681036,
                2.7554428257077388e-05,
                9.410528695850443e-06
            ],
            [
                11.313621581819422,
                2.6872164357504973,
                0.1252767237371563,
                2.105579668579661e-05,
                5.571877347594167e-06
            ],
            [
                14.352593081095137,
                2.3433195093377064,
                0.1156242048911639,
                1.0610337418865e-05,
                2.794881718929846e-06
            ],
            [
                16.970527277651097,
                2.0870651453950084,
                0.1200564719526633,
                6.063213800188333e-06,
                1.2012531921927962e-06
            ],
            [
                19.798812178108054,
                1.7860924995351737,
                0.1049717878097772,
                3.6053167453466665e-06,
                8.06051141487363e-07
            ],
            [
                22.62743208510638,
                1.5234241384436815,
                0.1080679812787896,
                2.1398574964711862e-06,
                4.779240141373507e-07
            ],
            [
                25.455824764314265,
                1.2459275646737098,
                0.1328617952170389,
                1.400772207417213e-06,
                3.487719182147621e-07
            ],
            [
                28.389980328856048,
                1.010917314384072,
                0.1784556396876983,
                8.558590849348335e-07,
                1.1721411647293947e-07
            ],
            [
                31.11273242008645,
                0.5484132023438657,
                0.2716492522626642,
                5.324399082679661e-07,
                1.0716343508757486e-07
            ],
            [
                33.94089611402372,
                0.3594544023957768,
                0.2850729491110614,
                7.057126875631149e-07,
                1.8451746742153392e-06
            ]
        ]
    }
}