{
    "filename": "c:\\Users\\soeda\\TWA_analyzer\\output\\z_sweep_test_0422_2105\\pos_sammarized\\x0,y0,zm0p6.csv",
    "samplename": null,
    "thickness_um": 50.0,
    "alpha_phase": 7.445756391484925e-07,
    "r2_phase": 0.9963751969041627,
    "slope_phase": -0.10270474986215873,
    "intercept_phase": 3.8377488358099083,
    "alpha_amp": 5.964852455435782e-07,
    "r2_amp": 0.9460001908156541,
    "slope_amp": -0.11474799026446633,
    "intercept_amp": -7.211884680457556,
    "alpha_ratio": 0.8011076567395186,
    "x_position": 0.0,
    "y_position": 0.0,
    "z_position": -0.6,
    "used_indices": [
        1,
        2,
        3,
        4,
        5,
        6,
        7,
        8,
        9
    ],
    "freq_range_min": 11.313621581819422,
    "freq_range_max": 33.94089611402372,
    "kd_min": 1.1619626745958844,
    "kd_max": 3.4858912454883217
}