{
    "filename": "c:\\Users\\soeda\\TWA_analyzer\\data_raw\\z_freq_sweep_test0422_20260422_210553\\data_1_pos_freq_summary\\x0,y0,zm0p6.csv",
    "samplename": null,
    "thickness_um": 50.0,
    "alpha_phase": 8.103529938030936e-07,
    "r2_phase": 0.9979998415152864,
    "slope_phase": -0.09844820911053866,
    "intercept_phase": 3.7656120486305995,
    "alpha_amp": 4.452785346751303e-07,
    "r2_amp": 0.997848505439447,
    "slope_amp": -0.13280947526113043,
    "intercept_amp": -6.887888653394935,
    "alpha_ratio": 0.549487122377841,
    "x_position": null,
    "y_position": null,
    "z_position": null,
    "used_indices": [
        1,
        2,
        3,
        4,
        5,
        6,
        7
    ],
    "freq_range_min": 11.313621581819422,
    "freq_range_max": 28.389980328856048,
    "kd_min": 1.1138057832844617,
    "kd_max": 2.7949427200592996
}