{
    "metadata": {
        "x_pos": 0.0,
        "y_pos": 0.0,
        "z_pos": -3.9
    },
    "filepath": "c:\\Users\\soeda\\TWA_analyzer\\output\\z_sweep_test_0422_2105\\pos_sammarized\\x0,y0,zm3p9.csv",
    "dataframe": {
        "index": [
            0,
            1,
            2,
            3,
            4,
            5,
            6,
            7,
            8,
            9
        ],
        "columns": [
            "sqrt_TW_freq",
            "theta",
            "theta_sigma",
            "amp",
            "amp_sigma"
        ],
        "data": [
            [
                8.485255295835701,
                2.993199093573345,
                0.2553024220577176,
                3.823937502160444e-05,
                1.2408723212491926e-05
            ],
            [
                11.313677681166867,
                2.762687744330703,
                0.1344682169484108,
                2.9678441327033328e-05,
                6.945481726900032e-06
            ],
            [
                14.35263385238635,
                2.4389900501750383,
                0.1144774840535362,
                1.5576281248266668e-05,
                3.615472532295591e-06
            ],
            [
                16.97050342058734,
                2.1134549375947707,
                0.0944967702177278,
                8.980899716965e-06,
                1.5113299557648906e-06
            ],
            [
                19.79881456724535,
                1.8346933251754776,
                0.1205725515118663,
                5.267176546420001e-06,
                1.096318933877614e-06
            ],
            [
                22.627458818829687,
                1.5931904883728378,
                0.1061497175092437,
                3.131820020978333e-06,
                6.041318830663679e-07
            ],
            [
                25.455808656909078,
                1.228507101741091,
                0.1394106565623074,
                1.8204054981616664e-06,
                3.01737212703992e-07
            ],
            [
                28.390015752125464,
                0.9449617027359823,
                0.0978553057639471,
                1.3600701542203387e-06,
                1.8787761556878603e-07
            ],
            [
                31.112401934898354,
                0.6266541150110798,
                0.1765786674819162,
                9.686308753025e-07,
                1.8721695441515853e-07
            ],
            [
                33.94099752984534,
                0.4288514277808168,
                0.089407670696159,
                1.375053150169516e-06,
                4.657851328299724e-06
            ]
        ]
    }
}