{
    "filename": "c:\\Users\\soeda\\TWA_analyzer\\output\\z_sweep_test_0422_2105\\pos_sammarized\\x0,y0,zm3p9.csv",
    "samplename": null,
    "thickness_um": 50.0,
    "alpha_phase": 7.17239085956397e-07,
    "r2_phase": 0.9981528109220524,
    "slope_phase": -0.10464367094215872,
    "intercept_phase": 3.923928441871201,
    "alpha_amp": 7.382705988541374e-07,
    "r2_amp": 0.8973580105049054,
    "slope_amp": -0.103142381320352,
    "intercept_amp": -7.044824512188164,
    "alpha_ratio": 0.9715124604306562,
    "x_position": 0.0,
    "y_position": 0.0,
    "z_position": -3.9,
    "used_indices": [
        1,
        2,
        3,
        4,
        5,
        6,
        7,
        8,
        9
    ],
    "freq_range_min": 11.313677681166867,
    "freq_range_max": 33.94099752984534,
    "kd_min": 1.1839047644136709,
    "kd_max": 3.5517105769617574
}