{
    "filename": "c:\\Users\\soeda\\TWA_analyzer\\data_raw\\0212\\step_zm3_R15.txt",
    "samplename": null,
    "thickness_um": 26.5,
    "alpha_phase": 9.994453004563628e-08,
    "r2_phase": 0.9466613208364008,
    "slope_phase": -0.14857347977119453,
    "intercept_phase": 0.9268723165425895,
    "alpha_amp": 9.537683276034658e-08,
    "r2_amp": 0.9766416544119667,
    "slope_amp": -0.15208954550003523,
    "intercept_amp": -8.167652062799444,
    "alpha_ratio": 0.9542976760888864,
    "x_position": null,
    "y_position": null,
    "z_position": -3.0,
    "used_indices": [
        2,
        3,
        4,
        5,
        6,
        7,
        8,
        9,
        10,
        11,
        12,
        13,
        14,
        15,
        16,
        17,
        18,
        19
    ],
    "freq_range_min": 7.41648866,
    "freq_range_max": 15.7481426,
    "kd_min": 1.1018935278998034,
    "kd_max": 2.339756346014987
}