#META,position,x_pos,0.000000
#META,position,y_pos,0.000000
#META,position,z_pos,-0.900000
sqrt_TW_freq,theta,theta_sigma,amp,amp_sigma
31.622776601683793,-2.926389436590582,2.245559229651749,6.999712376945562e-07,1.2463382781082709e-09
