#META,position,x_pos,0.000000
#META,position,y_pos,0.000000
#META,position,z_pos,-0.300000
sqrt_TW_freq,theta,theta_sigma,amp,amp_sigma
31.622776601683793,-0.4177122016279493,2.2400448637262866,7.000260944034804e-07,1.8842952321158588e-09
