#META,position,x_pos,0.000000
#META,position,y_pos,0.000000
#META,position,z_pos,-0.600000
sqrt_TW_freq,theta,theta_sigma,amp,amp_sigma
31.622776601683793,-1.7164812489249528,2.2436123935856847,6.999945590392386e-07,1.064866781672388e-09
