{
    "metadata": {
        "試料厚": 26.5,
        "熱拡散率(位相)": 9.6141798e-08,
        "熱拡散率(振幅)": 9.08820498e-08,
        "ヒーター印加電圧": 1.5,
        "切片": 3.98716027,
        "Y position": 0.0,
        "z_pos": 1.0
    },
    "filepath": "c:\\Users\\soeda\\TWA_analyzer\\data_raw\\0213_R7\\step_z1_R7.txt",
    "dataframe": {
        "index": [
            0,
            1,
            2,
            3,
            4,
            5,
            6,
            7,
            8,
            9,
            10,
            11,
            12,
            13,
            14,
            15,
            16,
            17,
            18,
            19
        ],
        "columns": [
            "sqrt_TW_freq",
            "amp",
            "amp_sigma",
            "theta",
            "theta_sigma",
            "DCV",
            "DCV_sigma",
            "decay_ratio"
        ],
        "data": [
            [
                6.32455532,
                4.03735393e-05,
                2.25933188e-08,
                3.09716753,
                0.000504073793,
                0.0,
                0.0,
                -8.27289623
            ],
            [
                6.79980777,
                3.50156267e-05,
                2.92636129e-08,
                3.00309302,
                0.00197561147,
                0.0,
                0.0,
                -8.34282178
            ],
            [
                7.41648866,
                2.90188469e-05,
                3.63130841e-08,
                2.90827633,
                0.00107354953,
                0.0,
                0.0,
                -8.44385933
            ],
            [
                7.89174111,
                2.52902922e-05,
                3.94287544e-08,
                2.80012523,
                0.00392802533,
                0.0,
                0.0,
                -8.51927316
            ],
            [
                8.36699356,
                2.28123199e-05,
                8.97724866e-08,
                2.6474155,
                0.00180555176,
                0.0,
                0.0,
                -8.56391519
            ],
            [
                8.84224602,
                2.03261386e-05,
                3.49649059e-08,
                2.61167995,
                0.00834321203,
                0.0,
                0.0,
                -8.62406197
            ],
            [
                9.31749847,
                1.74306704e-05,
                2.41243679e-08,
                2.57122434,
                0.00124246706,
                0.0,
                0.0,
                -8.72538505
            ],
            [
                9.79275092,
                1.54603605e-05,
                3.85927808e-08,
                2.47431631,
                0.000693615979,
                0.0,
                0.0,
                -8.79558879
            ],
            [
                10.3680046,
                1.21947574e-05,
                5.44186196e-08,
                2.39067354,
                0.00829416403,
                0.0,
                0.0,
                -8.97577983
            ],
            [
                10.8432571,
                1.21455566e-05,
                8.71690539e-09,
                2.32429276,
                0.00561743167,
                0.0,
                0.0,
                -8.93500375
            ],
            [
                11.3185095,
                1.04743689e-05,
                8.7825743e-08,
                2.31749471,
                0.0127456277,
                0.0,
                0.0,
                -9.04013994
            ],
            [
                11.793762,
                9.20847072e-06,
                3.74577621e-08,
                2.17051748,
                0.0055374351,
                0.0,
                0.0,
                -9.12781602
            ],
            [
                12.3506645,
                8.40205958e-06,
                5.53192639e-08,
                2.08165757,
                0.0056191641,
                0.0,
                0.0,
                -9.17332382
            ],
            [
                12.825917,
                7.57459078e-06,
                4.34536094e-08,
                1.9802963,
                0.0145204562,
                0.0,
                0.0,
                -9.23924334
            ],
            [
                13.3011695,
                6.04541846e-06,
                3.8124358e-08,
                1.96408951,
                0.00156832316,
                0.0,
                0.0,
                -9.42835789
            ],
            [
                13.7764219,
                6.07121642e-06,
                1.31087295e-07,
                1.84421746,
                0.0142797161,
                0.0,
                0.0,
                -9.388993
            ],
            [
                14.3223853,
                5.93481374e-06,
                9.54313703e-08,
                1.88203131,
                0.0142283937,
                0.0,
                0.0,
                -9.3728512
            ],
            [
                14.7976377,
                4.37474691e-06,
                2.41387292e-08,
                1.63200109,
                0.0171697465,
                0.0,
                0.0,
                -9.64519433
            ],
            [
                15.2728902,
                4.08196904e-06,
                4.87923175e-08,
                1.89554051,
                0.0159483061,
                0.0,
                0.0,
                -9.68285171
            ],
            [
                15.7481426,
                3.62693944e-06,
                5.41153805e-08,
                1.59796583,
                0.0327406593,
                0.0,
                0.0,
                -9.77039896
            ]
        ]
    }
}