{
    "filename": "c:\\Users\\soeda\\TWA_analyzer\\data_raw\\0213_R7\\step_z1_R7.txt",
    "samplename": null,
    "thickness_um": 26.5,
    "alpha_phase": 9.041477161928957e-08,
    "r2_phase": 0.9852873164589903,
    "slope_phase": -0.15620722434576534,
    "intercept_phase": 4.018739087684762,
    "alpha_amp": 9.402997916013197e-08,
    "r2_amp": 0.9795348335851467,
    "slope_amp": -0.15317491230224328,
    "intercept_amp": -7.3023110435952905,
    "alpha_ratio": 0.9615526072308732,
    "x_position": null,
    "y_position": null,
    "z_position": 1.0,
    "used_indices": [
        2,
        3,
        4,
        5,
        6,
        7,
        8,
        9,
        10,
        11,
        12,
        13,
        14,
        15,
        16,
        17
    ],
    "freq_range_min": 7.41648866,
    "freq_range_max": 14.7976377,
    "kd_min": 1.1585091079704444,
    "kd_max": 2.311497911991255
}