{
    "metadata": {
        "x_pos": 0.0,
        "y_pos": 0.0,
        "z_pos": -4.2
    },
    "filepath": "c:\\Users\\soeda\\TWA_analyzer\\output\\z_sweep_test_0422_2105\\pos_sammarized\\x0,y0,zm4p2.csv",
    "dataframe": {
        "index": [
            0,
            1,
            2,
            3,
            4,
            5,
            6,
            7,
            8,
            9
        ],
        "columns": [
            "sqrt_TW_freq",
            "theta",
            "theta_sigma",
            "amp",
            "amp_sigma"
        ],
        "data": [
            [
                8.48524740925744,
                2.9562202763341703,
                0.2219170845540555,
                3.934428730103434e-05,
                1.2568330986019333e-05
            ],
            [
                11.313640229484204,
                2.7615156686913758,
                0.1143495481227106,
                3.0269738013169492e-05,
                7.397153213359414e-06
            ],
            [
                14.352636855760457,
                2.421992813533947,
                0.1207958360173242,
                1.6349192143566668e-05,
                3.700813104401096e-06
            ],
            [
                16.970578363415708,
                2.138521535413798,
                0.1031303387108335,
                9.473431146056667e-06,
                1.7621336404048073e-06
            ],
            [
                19.798956451136508,
                1.8361291363615264,
                0.1184874232736063,
                5.770191417763333e-06,
                1.1341760520115629e-06
            ],
            [
                22.627335952250323,
                1.5725093231744645,
                0.0799395933547282,
                3.5135170984766664e-06,
                6.826431309776599e-07
            ],
            [
                25.455651847451616,
                1.3629974805478338,
                0.1299982693535856,
                2.130137119138333e-06,
                3.950424820629468e-07
            ],
            [
                28.39022785105525,
                1.0013586482758654,
                0.1031508331234736,
                1.3424031351466668e-06,
                2.064270675314748e-07
            ],
            [
                31.11259040958461,
                0.7677524882824522,
                0.0720402549622905,
                8.419760734349152e-07,
                8.216898257090738e-08
            ],
            [
                33.9411755002491,
                0.6718374722150602,
                0.0448462771845606,
                1.4020823993583871e-06,
                3.464432720088616e-06
            ]
        ]
    }
}