{
    "filename": "c:\\Users\\soeda\\TWA_analyzer\\data_raw\\z_freq_sweep_test0422_20260422_210553\\data_1_pos_freq_summary\\x0,y0,zm4p2.csv",
    "samplename": null,
    "thickness_um": 50.0,
    "alpha_phase": 9.224397442504991e-07,
    "r2_phase": 0.9910164344185224,
    "slope_phase": -0.09227327548679272,
    "intercept_phase": 3.6936834107721817,
    "alpha_amp": 7.681121168115858e-07,
    "r2_amp": 0.8640854529765181,
    "slope_amp": -0.101118968933465,
    "intercept_amp": -7.0786973228247785,
    "alpha_ratio": 0.8326962510008633,
    "x_position": null,
    "y_position": null,
    "z_position": null,
    "used_indices": [
        2,
        3,
        4,
        5,
        6,
        7,
        8,
        9
    ],
    "freq_range_min": 14.352636855760457,
    "freq_range_max": 33.9411755002491,
    "kd_min": 1.3243648145534792,
    "kd_max": 3.131863437280065
}