{
    "filename": "c:\\Users\\soeda\\TWA_analyzer\\output\\z_sweep_test_0422_2105\\pos_sammarized\\x0,y0,zm4p2.csv",
    "samplename": null,
    "thickness_um": 50.0,
    "alpha_phase": 8.715493284367332e-07,
    "r2_phase": 0.9922955425003368,
    "slope_phase": -0.09492901058673373,
    "intercept_phase": 3.7662889717996952,
    "alpha_amp": 6.872669974389587e-07,
    "r2_amp": 0.9051698085572791,
    "slope_amp": -0.10690110537015998,
    "intercept_amp": -6.920618582240601,
    "alpha_ratio": 0.7885577729394674,
    "x_position": 0.0,
    "y_position": 0.0,
    "z_position": -4.2,
    "used_indices": [
        1,
        2,
        3,
        4,
        5,
        6,
        7,
        8,
        9
    ],
    "freq_range_min": 11.313640229484204,
    "freq_range_max": 33.9411755002491,
    "kd_min": 1.0739926731192027,
    "kd_max": 3.2220022083893345
}