{
    "metadata": {
        "試料厚": 26.5,
        "熱拡散率(位相)": 8.17312168e-08,
        "熱拡散率(振幅)": 8.2683734e-08,
        "ヒーター印加電圧": 1.5,
        "切片": 0.930890929,
        "Y position": 0.0,
        "z_pos": 2.0
    },
    "filepath": "c:\\Users\\soeda\\TWA_analyzer\\data_raw\\0213_R5\\step_z2_R5.txt",
    "dataframe": {
        "index": [
            0,
            1,
            2,
            3,
            4,
            5,
            6,
            7,
            8,
            9,
            10,
            11,
            12,
            13,
            14,
            15,
            16,
            17,
            18,
            19
        ],
        "columns": [
            "sqrt_TW_freq",
            "amp",
            "amp_sigma",
            "theta",
            "theta_sigma",
            "DCV",
            "DCV_sigma",
            "decay_ratio"
        ],
        "data": [
            [
                6.32455532,
                1.41525099e-05,
                1.20824113e-07,
                -0.0927977666,
                0.000144552264,
                0.0,
                0.0,
                -9.32117884
            ],
            [
                6.79980777,
                1.18943462e-05,
                4.85077475e-08,
                -0.145704281,
                0.0116697801,
                0.0,
                0.0,
                -9.42255304
            ],
            [
                7.41648866,
                1.04856677e-05,
                8.47168047e-08,
                -0.287221244,
                0.0041245629,
                0.0,
                0.0,
                -9.4617955
            ],
            [
                7.89174111,
                9.04123632e-06,
                4.79912978e-08,
                -0.321164169,
                0.00334762068,
                0.0,
                0.0,
                -9.54789785
            ],
            [
                8.36699356,
                7.23670806e-06,
                1.11250326e-08,
                -0.476486968,
                0.00278187366,
                0.0,
                0.0,
                -9.71204952
            ],
            [
                8.84224602,
                6.22816998e-06,
                9.10724523e-09,
                -0.491835302,
                0.0022592794,
                0.0,
                0.0,
                -9.80688709
            ],
            [
                9.31749847,
                6.34405411e-06,
                1.48116858e-08,
                -0.624273742,
                0.0055511789,
                0.0,
                0.0,
                -9.73609836
            ],
            [
                9.79275092,
                5.04533889e-06,
                6.20637205e-08,
                -0.716276459,
                0.0115685383,
                0.0,
                0.0,
                -9.91540332
            ],
            [
                10.3680046,
                4.91651685e-06,
                3.36540086e-08,
                -0.914369212,
                0.00108274283,
                0.0,
                0.0,
                -9.88418565
            ],
            [
                10.8432571,
                3.94534796e-06,
                2.33236164e-08,
                -0.837255423,
                0.0205550193,
                0.0,
                0.0,
                -10.05943
            ],
            [
                11.3185095,
                3.68637364e-06,
                7.18034884e-08,
                -0.82896213,
                0.0140252622,
                0.0,
                0.0,
                -10.0844279
            ],
            [
                11.793762,
                3.34452749e-06,
                3.12612779e-08,
                -0.965671411,
                0.00200592868,
                0.0,
                0.0,
                -10.1406144
            ],
            [
                12.3506645,
                2.29842621e-06,
                3.55966027e-08,
                -1.16552128,
                0.00198965307,
                0.0,
                0.0,
                -10.4695761
            ],
            [
                12.825917,
                2.13711732e-06,
                4.84551225e-09,
                -0.994724234,
                0.00211955336,
                0.0,
                0.0,
                -10.5045848
            ],
            [
                13.3011695,
                2.04309394e-06,
                1.98558334e-08,
                -1.27961907,
                0.0182831087,
                0.0,
                0.0,
                -10.5131933
            ],
            [
                13.7764219,
                1.59268522e-06,
                5.39737689e-08,
                -1.5755289,
                0.0289267642,
                0.0,
                0.0,
                -10.7271306
            ],
            [
                14.3223853,
                1.81632407e-06,
                7.6651841e-08,
                -1.74828515,
                0.0209993951,
                0.0,
                0.0,
                -10.5568721
            ],
            [
                14.7976377,
                1.66700836e-06,
                3.86936765e-08,
                -1.17482625,
                0.00810075605,
                0.0,
                0.0,
                -10.6100124
            ],
            [
                15.2728902,
                1.14298444e-06,
                5.49055421e-08,
                -1.48502842,
                0.0361959741,
                0.0,
                0.0,
                -10.9557884
            ],
            [
                15.7481426,
                1.54169901e-06,
                1.40905119e-08,
                -1.64339016,
                0.0186871942,
                0.0,
                0.0,
                -10.6259031
            ]
        ]
    }
}