{
    "filename": "c:\\Users\\soeda\\TWA_analyzer\\data_raw\\0213_R5\\step_z2_R5.txt",
    "samplename": null,
    "thickness_um": 26.5,
    "alpha_phase": 7.932951156028181e-08,
    "r2_phase": 0.8699575888934405,
    "slope_phase": -0.1667644287506212,
    "intercept_phase": 0.9480972542491044,
    "alpha_amp": 7.723388349291493e-08,
    "r2_amp": 0.9499528939059649,
    "slope_amp": -0.1690117404052406,
    "intercept_amp": -8.235004766920499,
    "alpha_ratio": 0.9735832475689148,
    "x_position": null,
    "y_position": null,
    "z_position": 2.0,
    "used_indices": [
        2,
        3,
        4,
        5,
        6,
        7,
        8,
        9,
        10,
        11,
        12,
        13,
        14,
        15,
        16,
        17
    ],
    "freq_range_min": 7.41648866,
    "freq_range_max": 14.7976377,
    "kd_min": 1.2368064947203599,
    "kd_max": 2.467719597899156
}