{
    "filename": "c:\\Users\\soeda\\TWA_analyzer\\data_raw\\0122_raugh_sensor\\x_scan\\0122_x15um_15step.txt",
    "samplename": null,
    "thickness_um": 50.0,
    "alpha_phase": 9.710077944980151e-07,
    "r2_phase": 0.9632871165934738,
    "slope_phase": -0.08993600304073066,
    "intercept_phase": -0.17286411140970803,
    "alpha_amp": 1.715744098394695e-07,
    "r2_amp": 0.9701952213039639,
    "slope_amp": -0.21395314945687294,
    "intercept_amp": -9.511448544766413,
    "alpha_ratio": 0.17669725290739693,
    "x_position": null,
    "y_position": null,
    "z_position": null,
    "used_indices": [
        0,
        1,
        2,
        3,
        4,
        5,
        6,
        7,
        8,
        9,
        10,
        11,
        12,
        13,
        14
    ],
    "freq_range_min": 7.89865417,
    "freq_range_max": 28.1351679,
    "kd_min": 0.7103733854507999,
    "kd_max": 2.5303645458058672
}