{
    "z_position_um_mean": -0.8999999999999998,
    "convergence_settings": {
        "average_count": 20,
        "duration_used_sec": 20.0
    },
    "results": {
        "R_V": {
            "mean": 4.388889883565e-05,
            "std": 1.1388104643623184e-07
        },
        "Theta_deg": {
            "mean": 169.757224273,
            "std": 0.009838693685799111
        },
        "Frequency_Hz": {
            "mean": 31.999841880749994
        }
    },
    "timestamp": "2026-02-09T17:31:07.544186"
}