{
    "z_position_um_mean": -2.7000000000000006,
    "convergence_settings": {
        "average_count": 20,
        "duration_used_sec": 20.0
    },
    "results": {
        "R_V": {
            "mean": 4.45706320532e-05,
            "std": 1.260974440443167e-07
        },
        "Theta_deg": {
            "mean": 170.54919662499998,
            "std": 0.13692807960679856
        },
        "Frequency_Hz": {
            "mean": 31.999856090500003
        }
    },
    "timestamp": "2026-02-09T20:25:55.452472"
}