{
    "z_position_um_mean": -2.3999999999999995,
    "convergence_settings": {
        "average_count": 20,
        "duration_used_sec": 20.0
    },
    "results": {
        "R_V": {
            "mean": 4.40426922068e-05,
            "std": 3.714554024762647e-08
        },
        "Theta_deg": {
            "mean": 169.6300292965,
            "std": 0.47211193123084716
        },
        "Frequency_Hz": {
            "mean": 32.0000394822
        }
    },
    "timestamp": "2026-02-09T20:19:57.842639"
}