{
    "z_position_um_mean": 2.0,
    "convergence_settings": {
        "average_count": 20,
        "duration_used_sec": 20.0
    },
    "results": {
        "R_V": {
            "mean": 3.125876974074999e-05,
            "std": 2.2552785665880043e-07
        },
        "Theta_deg": {
            "mean": 156.94134826700002,
            "std": 0.24452683230502104
        },
        "Frequency_Hz": {
            "mean": 31.9997718812
        }
    },
    "timestamp": "2026-02-09T14:10:27.139293"
}