{
    "z_position_um_mean": -0.29999999999999993,
    "convergence_settings": {
        "average_count": 20,
        "duration_used_sec": 20.0
    },
    "results": {
        "R_V": {
            "mean": 4.332262433299999e-05,
            "std": 9.164638776639456e-08
        },
        "Theta_deg": {
            "mean": 169.67382507300002,
            "std": 0.11188018791021545
        },
        "Frequency_Hz": {
            "mean": 31.999999046299997
        }
    },
    "timestamp": "2026-02-09T17:19:07.963554"
}