{
    "z_position_um_mean": -0.5,
    "convergence_settings": {
        "average_count": 20,
        "duration_used_sec": 20.0
    },
    "results": {
        "R_V": {
            "mean": 4.4531329331200004e-05,
            "std": 5.9310115971200764e-08
        },
        "Theta_deg": {
            "mean": 169.59987182650002,
            "std": 0.06580440710152202
        },
        "Frequency_Hz": {
            "mean": 31.9998208046
        }
    },
    "timestamp": "2026-02-09T17:23:11.901525"
}