{
    "z_position_um_mean": 1.7999999999999996,
    "convergence_settings": {
        "average_count": 20,
        "duration_used_sec": 20.0
    },
    "results": {
        "R_V": {
            "mean": 3.2760315298400003e-05,
            "std": 7.586608786337492e-08
        },
        "Theta_deg": {
            "mean": 157.51929702799998,
            "std": 0.25694774516974583
        },
        "Frequency_Hz": {
            "mean": 31.999745845800003
        }
    },
    "timestamp": "2026-02-09T14:33:46.155180"
}