{
    "z_position_um_mean": 1.1999999999999997,
    "convergence_settings": {
        "average_count": 20,
        "duration_used_sec": 20.0
    },
    "results": {
        "R_V": {
            "mean": 3.611701431515e-05,
            "std": 1.4460922075880626e-07
        },
        "Theta_deg": {
            "mean": 160.69571533200002,
            "std": 0.2649128859820774
        },
        "Frequency_Hz": {
            "mean": 31.9998113633
        }
    },
    "timestamp": "2026-02-09T14:45:46.138154"
}