{
    "z_position_um_mean": 1.7,
    "convergence_settings": {
        "average_count": 20,
        "duration_used_sec": 20.0
    },
    "results": {
        "R_V": {
            "mean": 3.368600591784999e-05,
            "std": 9.409609609373677e-08
        },
        "Theta_deg": {
            "mean": 158.8410903925,
            "std": 0.058744969478706714
        },
        "Frequency_Hz": {
            "mean": 31.999822044449996
        }
    },
    "timestamp": "2026-02-09T14:35:46.109366"
}