{
    "z_position_um_mean": -2.2000000000000006,
    "convergence_settings": {
        "average_count": 20,
        "duration_used_sec": 20.0
    },
    "results": {
        "R_V": {
            "mean": 4.5004085222900004e-05,
            "std": 6.968841613052277e-08
        },
        "Theta_deg": {
            "mean": 170.71369171249998,
            "std": 0.0786474566963176
        },
        "Frequency_Hz": {
            "mean": 31.999853324999997
        }
    },
    "timestamp": "2026-02-09T20:15:55.464143"
}