{
    "z_position_um_mean": 2.2000000000000006,
    "convergence_settings": {
        "average_count": 20,
        "duration_used_sec": 20.0
    },
    "results": {
        "R_V": {
            "mean": 3.072172057725e-05,
            "std": 3.058344693997656e-08
        },
        "Theta_deg": {
            "mean": 155.53811950699998,
            "std": 0.2960539951535766
        },
        "Frequency_Hz": {
            "mean": 31.999867439300004
        }
    },
    "timestamp": "2026-02-09T14:06:27.170308"
}