{
    "metadata": {
        "試料厚": 26.5,
        "熱拡散率(位相)": 1.04738376e-07,
        "熱拡散率(振幅)": 2.85493323e-05,
        "ヒーター印加電圧": 5.0,
        "切片": -2.16328962,
        "Y position": 0.0
    },
    "filepath": "c:\\Users\\soeda\\TWA_analyzer\\data_raw\\0208_R3\\R3_zm2_20step_20to300.txt",
    "dataframe": {
        "index": [
            0,
            1,
            2,
            3,
            4,
            5,
            6,
            7,
            8,
            9,
            10,
            11,
            12,
            13,
            14,
            15,
            16,
            17,
            18,
            19
        ],
        "columns": [
            "sqrt_TW_freq",
            "amp",
            "amp_sigma",
            "theta",
            "theta_sigma",
            "DCV",
            "DCV_sigma",
            "decay_ratio"
        ],
        "data": [
            [
                4.47213595,
                0.00024677953,
                2.87234293e-07,
                -2.72310663,
                3.30107301e-05,
                0.0,
                0.0,
                -6.80914907
            ],
            [
                5.12127283,
                0.000200869812,
                1.7452864e-07,
                -2.85227036,
                0.000243130684,
                0.0,
                0.0,
                -6.87945055
            ],
            [
                5.77040971,
                0.000163626754,
                9.36149658e-08,
                -3.00120879,
                0.000932971827,
                0.0,
                0.0,
                -6.96517953
            ],
            [
                6.41954658,
                0.000138627961,
                7.59351639e-08,
                -3.09478526,
                0.00119659147,
                0.0,
                0.0,
                -7.02436926
            ],
            [
                7.21011189,
                0.000172135109,
                1.81615328e-05,
                -3.241696727179586,
                0.000555130756,
                0.0,
                0.0,
                -6.6917464
            ],
            [
                7.85924876,
                0.000440542652,
                9.94013777e-08,
                -3.3281917671795864,
                0.000241734016,
                0.0,
                0.0,
                -5.66581227
            ],
            [
                8.50838564,
                0.000370568631,
                6.81201604e-08,
                -3.429603877179586,
                6.19534666e-05,
                0.0,
                0.0,
                -5.75941967
            ],
            [
                9.15752252,
                0.000322764056,
                7.42603072e-08,
                -3.5283574671795863,
                1.28902915e-05,
                0.0,
                0.0,
                -5.82401331
            ],
            [
                9.80665939,
                0.000274778021,
                4.0111976e-08,
                -3.620523607179586,
                0.000351717787,
                0.0,
                0.0,
                -5.9164853
            ],
            [
                10.5557975,
                0.000227467118,
                6.0720562e-08,
                -3.7137112071795864,
                6.44187993e-05,
                0.0,
                0.0,
                -6.03182963
            ],
            [
                11.2049344,
                0.000198471517,
                6.36781138e-08,
                -3.815101517179586,
                0.000297258352,
                0.0,
                0.0,
                -6.10851071
            ],
            [
                11.8540713,
                0.000170681161,
                9.03267624e-08,
                -3.9055902171795864,
                0.000350294535,
                0.0,
                0.0,
                -6.20304192
            ],
            [
                12.5848583,
                0.000145768199,
                9.3000336e-08,
                -4.004204957179587,
                7.73534658e-05,
                0.0,
                0.0,
                -6.30099851
            ],
            [
                13.2339951,
                0.000127037925,
                1.3313889e-08,
                -4.093492667179586,
                0.000203409376,
                0.0,
                0.0,
                -6.38823599
            ],
            [
                13.883132,
                0.000110918425,
                5.54974182e-08,
                -4.181417107179586,
                0.000424191619,
                0.0,
                0.0,
                -6.47604096
            ],
            [
                14.6029798,
                9.4548467e-05,
                2.61997468e-09,
                -4.273154077179586,
                0.00119985455,
                0.0,
                0.0,
                -6.58517237
            ],
            [
                15.2521167,
                8.34066092e-05,
                1.14392557e-08,
                -4.373791187179586,
                0.000634015624,
                0.0,
                0.0,
                -6.66706471
            ],
            [
                15.9644992,
                7.20369889e-05,
                1.4188869e-08,
                -4.453050237179586,
                2.14115662e-05,
                0.0,
                0.0,
                -6.76796338
            ],
            [
                16.6136361,
                6.41766631e-05,
                3.78931292e-08,
                -4.544987707179587,
                0.000184577722,
                0.0,
                0.0,
                -6.84364711
            ],
            [
                17.262773,
                5.65024818e-05,
                3.08124232e-08,
                -4.630600387179586,
                0.00171087259,
                0.0,
                0.0,
                -6.93267366
            ]
        ]
    }
}