{
    "filename": "c:\\Users\\soeda\\TWA_analyzer\\data_raw\\0208_R3\\R3_zm2_20step_20to300.txt",
    "samplename": null,
    "thickness_um": 26.5,
    "alpha_phase": 1.129377930705456e-07,
    "r2_phase": 0.9995156681738513,
    "slope_phase": -0.1397658795358384,
    "intercept_phase": -2.2424529388905823,
    "alpha_amp": 1.1944492153931048e-07,
    "r2_amp": 0.9994225317793306,
    "slope_amp": -0.13590547898699715,
    "intercept_amp": -4.591726815022955,
    "alpha_ratio": 0.9455219327460203,
    "x_position": null,
    "y_position": null,
    "z_position": null,
    "used_indices": [
        5,
        6,
        7,
        8,
        9,
        10,
        11,
        12,
        13,
        14,
        15
    ],
    "freq_range_min": 7.85924876,
    "freq_range_max": 14.6029798,
    "kd_min": 1.0984548154323475,
    "kd_max": 2.0409983155910814
}