{
    "filename": "c:\\Users\\soeda\\TWA_analyzer\\data_raw\\0208_R3\\R3_zm3_80step_20to300.txt",
    "samplename": null,
    "thickness_um": 50.0,
    "alpha_phase": 3.880498883690707e-07,
    "r2_phase": 0.9993131223842461,
    "slope_phase": -0.14226601256446716,
    "intercept_phase": -2.223590504113777,
    "alpha_amp": 1.3933341329685176e-07,
    "r2_amp": 0.9986941051911551,
    "slope_amp": -0.23742000103036973,
    "intercept_amp": -5.788673811952853,
    "alpha_ratio": 0.3590605679142292,
    "x_position": null,
    "y_position": null,
    "z_position": null,
    "used_indices": [
        17,
        18,
        19,
        20,
        21,
        22,
        23,
        24,
        25,
        26,
        27,
        28,
        29,
        30,
        31,
        32,
        33,
        34,
        35,
        36,
        37,
        38,
        39,
        40,
        41,
        42,
        43,
        44,
        45,
        46,
        47,
        48,
        49,
        50,
        51,
        52,
        53,
        54,
        55,
        56
    ],
    "freq_range_min": 7.26763035,
    "freq_range_max": 13.5380213,
    "kd_min": 1.033936790687003,
    "kd_max": 1.9260003083638244
}