{
    "filename": "c:\\Users\\soeda\\TWA_analyzer\\data_raw\\0208_R3\\R3_zm3_80step_20to300.txt",
    "samplename": null,
    "thickness_um": 26.5,
    "alpha_phase": 1.144301993241803e-07,
    "r2_phase": 0.9996499862145583,
    "slope_phase": -0.13885147036643633,
    "intercept_phase": -2.2590176937942923,
    "alpha_amp": 1.14194372514521e-07,
    "r2_amp": 0.9998499910729084,
    "slope_amp": -0.13899476994559112,
    "intercept_amp": -4.486704760883237,
    "alpha_ratio": 0.9979391208697348,
    "x_position": null,
    "y_position": null,
    "z_position": null,
    "used_indices": [
        19,
        20,
        21,
        22,
        23,
        24,
        25,
        26,
        27,
        28,
        29,
        30,
        31,
        32,
        33,
        34,
        35,
        36,
        37,
        38,
        39,
        40,
        41,
        42,
        43,
        44,
        45,
        46,
        47,
        48,
        49,
        50,
        51,
        52,
        53,
        54,
        55,
        56,
        57,
        58,
        59,
        60,
        61,
        62,
        63,
        64,
        65,
        66,
        67,
        68,
        69,
        70,
        71,
        72,
        73,
        74,
        75,
        76,
        77,
        78,
        79
    ],
    "freq_range_min": 7.5798734,
    "freq_range_max": 17.262773,
    "kd_min": 1.052476566781439,
    "kd_max": 2.396961413652017
}