{
    "filename": "c:\\Users\\soeda\\TWA_analyzer\\data_raw\\0122_raugh_sensor\\x_scan\\0122_x0um_100step.txt",
    "samplename": null,
    "thickness_um": 50.0,
    "alpha_phase": 9.041236344713216e-07,
    "r2_phase": 0.9285960996470217,
    "slope_phase": -0.09320324423048004,
    "intercept_phase": -0.12391898274685986,
    "alpha_amp": 1.6136210910669686e-07,
    "r2_amp": 0.9835080495197708,
    "slope_amp": -0.22061963401708332,
    "intercept_amp": -9.6552551854509,
    "alpha_ratio": 0.1784734995906306,
    "x_position": 0.0,
    "y_position": null,
    "z_position": 0.0,
    "used_indices": [
        19,
        20,
        21,
        22,
        23,
        24,
        25,
        26,
        27,
        28,
        29,
        30,
        31,
        32,
        33,
        34,
        35,
        36,
        37,
        38,
        39,
        40,
        41,
        42,
        43,
        44,
        45,
        46,
        47,
        48,
        49,
        50,
        51,
        52,
        53,
        54,
        55,
        56,
        57,
        58,
        59,
        60,
        61,
        62,
        63,
        64,
        65,
        66,
        67,
        68,
        69,
        70,
        71,
        72,
        73
    ],
    "freq_range_min": 11.7497483,
    "freq_range_max": 22.8794052,
    "kd_min": 1.0951146604515678,
    "kd_max": 2.1324347907037153
}