{
    "metadata": {
        "x_pos": 0.0,
        "y_pos": 0.0,
        "z_pos": -0.9
    },
    "filepath": "c:\\Users\\soeda\\TWA_analyzer\\output\\z_sweep_test_0422_2105\\pos_sammarized\\x0,y0,zm0p9.csv",
    "dataframe": {
        "index": [
            0,
            1,
            2,
            3,
            4,
            5,
            6,
            7,
            8,
            9
        ],
        "columns": [
            "sqrt_TW_freq",
            "theta",
            "theta_sigma",
            "amp",
            "amp_sigma"
        ],
        "data": [
            [
                8.485240218066446,
                2.86027153604055,
                0.2927662998599324,
                2.7901555848449072e-05,
                9.181982879535238e-06
            ],
            [
                11.31370508153118,
                2.682289464517976,
                0.1070310229022298,
                2.1679695067661017e-05,
                5.247701308745303e-06
            ],
            [
                14.352728550824985,
                2.332973155958608,
                0.1364693813158247,
                1.1051307319575e-05,
                2.819389518222394e-06
            ],
            [
                16.970565176136592,
                2.043847697453739,
                0.0647009806485403,
                6.096599008746666e-06,
                1.3094869582617516e-06
            ],
            [
                19.79886829725376,
                1.8313837143513725,
                0.1030888595657357,
                3.719125766105e-06,
                6.22710223123647e-07
            ],
            [
                22.627275429073794,
                1.477251561503775,
                0.1117026009285867,
                2.16363502356e-06,
                3.6259042103045577e-07
            ],
            [
                25.45573001252043,
                1.2738454947353777,
                0.1227104952384228,
                1.5234772774849998e-06,
                2.659467579633879e-07
            ],
            [
                28.39000594828809,
                0.7953766674310422,
                0.3027374506135286,
                8.960469074296667e-07,
                1.7449436692643514e-07
            ],
            [
                31.112610861947925,
                0.4737415011132737,
                0.1356440591876251,
                6.378872219178333e-07,
                1.063961036440905e-07
            ],
            [
                33.94102281578542,
                0.3566121515754428,
                0.3043015650497366,
                7.817879023203334e-07,
                3.172551278518461e-06
            ]
        ]
    }
}