{
    "filename": "c:\\Users\\soeda\\TWA_analyzer\\output\\z_sweep_test_0422_2105\\pos_sammarized\\x0,y0,zm0p9.csv",
    "samplename": null,
    "thickness_um": 50.0,
    "alpha_phase": 6.993895853400404e-07,
    "r2_phase": 0.9933559679261327,
    "slope_phase": -0.10597059193127285,
    "intercept_phase": 3.875705506160138,
    "alpha_amp": 6.520702921041051e-07,
    "r2_amp": 0.9408738053899037,
    "slope_amp": -0.10974828273795832,
    "intercept_amp": -7.266247359170542,
    "alpha_ratio": 0.9323420104791398,
    "x_position": 0.0,
    "y_position": 0.0,
    "z_position": -0.9,
    "used_indices": [
        1,
        2,
        3,
        4,
        5,
        6,
        7,
        8,
        9
    ],
    "freq_range_min": 11.31370508153118,
    "freq_range_max": 33.94102281578542,
    "kd_min": 1.1989200244257088,
    "kd_max": 3.5967502785416188
}