{
    "metadata": {
        "試料厚": 26.5,
        "熱拡散率(位相)": 1.02402259e-07,
        "熱拡散率(振幅)": 1.11753889e-07,
        "ヒーター印加電圧": 1.5,
        "切片": -2.18155024,
        "Y position": 0.0,
        "z_pos": 0.0
    },
    "filepath": "c:\\Users\\soeda\\TWA_analyzer\\data_raw\\0213_R7\\step_z0_R7.txt",
    "dataframe": {
        "index": [
            0,
            1,
            2,
            3,
            4,
            5,
            6,
            7,
            8,
            9,
            10,
            11,
            12,
            13,
            14,
            15,
            16,
            17,
            18,
            19
        ],
        "columns": [
            "sqrt_TW_freq",
            "amp",
            "amp_sigma",
            "theta",
            "theta_sigma",
            "DCV",
            "DCV_sigma",
            "decay_ratio"
        ],
        "data": [
            [
                6.32455532,
                4.65340345e-05,
                1.27838705e-07,
                -3.08547763,
                0.00196724893,
                0.0,
                0.0,
                -8.13088686
            ],
            [
                6.79980777,
                4.12685894e-05,
                4.23029311e-08,
                -3.158625637179586,
                0.00373004478,
                0.0,
                0.0,
                -8.17851455
            ],
            [
                7.41648866,
                3.43865006e-05,
                1.24049348e-07,
                -3.2563646471795864,
                4.84452751e-05,
                0.0,
                0.0,
                -8.27414078
            ],
            [
                7.89174111,
                3.11349266e-05,
                5.23414427e-08,
                -3.2869034471795864,
                0.000878712617,
                0.0,
                0.0,
                -8.31136354
            ],
            [
                8.36699356,
                2.68106299e-05,
                2.56886092e-08,
                -3.4256317971795864,
                0.000519184548,
                0.0,
                0.0,
                -8.40241748
            ],
            [
                8.84224602,
                2.19436498e-05,
                1.7109645e-07,
                -3.4947900071795863,
                0.000688468559,
                0.0,
                0.0,
                -8.54749184
            ],
            [
                9.31749847,
                2.08482465e-05,
                3.6692275e-08,
                -3.565324957179586,
                0.00231796911,
                0.0,
                0.0,
                -8.54634652
            ],
            [
                9.79275092,
                1.88472747e-05,
                1.89023394e-08,
                -3.6540189671795864,
                0.00334172757,
                0.0,
                0.0,
                -8.59749982
            ],
            [
                10.3680046,
                1.57823091e-05,
                4.46417456e-08,
                -3.7735606971795863,
                0.00714927227,
                0.0,
                0.0,
                -8.71789634
            ],
            [
                10.8432571,
                1.44003633e-05,
                6.77810975e-08,
                -3.7299413871795863,
                0.00251211896,
                0.0,
                0.0,
                -8.7647137
            ],
            [
                11.3185095,
                1.31269735e-05,
                1.50371792e-07,
                -3.8813509871795864,
                0.00263295721,
                0.0,
                0.0,
                -8.814402
            ],
            [
                11.793762,
                1.13619354e-05,
                5.83152857e-08,
                -3.912021137179586,
                0.00188614352,
                0.0,
                0.0,
                -8.91767104
            ],
            [
                12.3506645,
                1.06498028e-05,
                9.65300461e-08,
                -4.027437697179586,
                0.000948435379,
                0.0,
                0.0,
                -8.93625931
            ],
            [
                12.825917,
                9.2925022e-06,
                1.0212575e-07,
                -3.9382885771795864,
                0.00240308728,
                0.0,
                0.0,
                -9.03483481
            ],
            [
                13.3011695,
                8.49609527e-06,
                2.04357969e-08,
                -4.166914577179586,
                0.00496001234,
                0.0,
                0.0,
                -9.08805192
            ],
            [
                13.7764219,
                8.39765749e-06,
                7.15423617e-08,
                -4.218883017179586,
                0.0109014772,
                0.0,
                0.0,
                -9.06459919
            ],
            [
                14.3223853,
                6.72816536e-06,
                6.0535371e-08,
                -4.410315567179586,
                0.00146816577,
                0.0,
                0.0,
                -9.24738434
            ],
            [
                14.7976377,
                6.72546324e-06,
                4.01775728e-08,
                -4.379287667179586,
                0.00574557982,
                0.0,
                0.0,
                -9.2151422
            ],
            [
                15.2728902,
                5.18826359e-06,
                1.26929587e-07,
                -4.460543157179586,
                0.0168731927,
                0.0,
                0.0,
                -9.44303211
            ],
            [
                15.7481426,
                4.52749387e-06,
                1.88885638e-08,
                -4.312750717179586,
                0.00367606132,
                0.0,
                0.0,
                -9.54861957
            ]
        ]
    }
}