{
    "filename": "c:\\Users\\soeda\\TWA_analyzer\\data_raw\\0213_R7\\step_z0_R7.txt",
    "samplename": null,
    "thickness_um": 26.5,
    "alpha_phase": 1.0405428523029837e-07,
    "r2_phase": 0.9678955394520825,
    "slope_phase": -0.14560987368639028,
    "intercept_phase": -2.1952583650349107,
    "alpha_amp": 1.1491841202982622e-07,
    "r2_amp": 0.9895765121966418,
    "slope_amp": -0.1385562121830767,
    "intercept_amp": -7.255931974446868,
    "alpha_ratio": 0.9054622613762872,
    "x_position": null,
    "y_position": null,
    "z_position": 0.0,
    "used_indices": [
        2,
        3,
        4,
        5,
        6,
        7,
        8,
        9,
        10,
        11,
        12,
        13,
        14
    ],
    "freq_range_min": 7.41648866,
    "freq_range_max": 13.3011695,
    "kd_min": 1.0799139769791457,
    "kd_max": 1.9367816107762668
}