{
    "metadata": {
        "試料厚": 26.5,
        "熱拡散率(位相)": 1.12700648e-07,
        "熱拡散率(振幅)": 7.69536407e-08,
        "ヒーター印加電圧": 1.5,
        "切片": 0.838216275,
        "Y position": 0.0,
        "z_pos": -1.0
    },
    "filepath": "c:\\Users\\soeda\\TWA_analyzer\\data_raw\\0213_R5\\step_zm1_R5.txt",
    "dataframe": {
        "index": [
            0,
            1,
            2,
            3,
            4,
            5,
            6,
            7,
            8,
            9,
            10,
            11,
            12,
            13,
            14,
            15,
            16,
            17,
            18,
            19
        ],
        "columns": [
            "sqrt_TW_freq",
            "amp",
            "amp_sigma",
            "theta",
            "theta_sigma",
            "DCV",
            "DCV_sigma",
            "decay_ratio"
        ],
        "data": [
            [
                6.32455532,
                1.59813418e-05,
                4.40429721e-09,
                0.0421497116,
                0.00474040169,
                0.0,
                0.0,
                -9.19964892
            ],
            [
                6.79980777,
                1.41069449e-05,
                7.92401977e-08,
                0.00701469923,
                0.00343542624,
                0.0,
                0.0,
                -9.25194899
            ],
            [
                7.41648866,
                1.12720895e-05,
                4.00242623e-08,
                -0.189500714,
                0.00718942369,
                0.0,
                0.0,
                -9.38947513
            ],
            [
                7.89174111,
                9.36787677e-06,
                3.75636257e-08,
                -0.251439019,
                0.00671579946,
                0.0,
                0.0,
                -9.5124073
            ],
            [
                8.36699356,
                8.57548773e-06,
                7.04209402e-09,
                -0.40599133,
                0.00407792849,
                0.0,
                0.0,
                -9.54230806
            ],
            [
                8.84224602,
                7.33685236e-06,
                3.74109453e-08,
                -0.439226083,
                0.00351238595,
                0.0,
                0.0,
                -9.64305972
            ],
            [
                9.31749847,
                6.51314557e-06,
                2.19187216e-08,
                -0.545073631,
                0.000984362458,
                0.0,
                0.0,
                -9.70979384
            ],
            [
                9.79275092,
                5.51854626e-06,
                1.88118491e-08,
                -0.537872837,
                0.0102902679,
                0.0,
                0.0,
                -9.82575368
            ],
            [
                10.3680046,
                5.48888896e-06,
                1.60310162e-08,
                -0.701001722,
                0.00525141522,
                0.0,
                0.0,
                -9.77406011
            ],
            [
                10.8432571,
                4.59575686e-06,
                1.73153685e-08,
                -0.63007725,
                0.0021740297,
                0.0,
                0.0,
                -9.90683368
            ],
            [
                11.3185095,
                3.83495849e-06,
                8.27341989e-08,
                -0.695752375,
                0.0218571718,
                0.0,
                0.0,
                -10.0449126
            ],
            [
                11.793762,
                3.45827206e-06,
                8.85147857e-08,
                -0.698871052,
                0.0143021946,
                0.0,
                0.0,
                -10.1071708
            ],
            [
                12.3506645,
                3.27036792e-06,
                8.50530104e-09,
                -0.970593264,
                0.0130854473,
                0.0,
                0.0,
                -10.1168982
            ],
            [
                12.825917,
                2.90528596e-06,
                8.65122069e-09,
                -1.07603951,
                0.00346006328,
                0.0,
                0.0,
                -10.1975108
            ],
            [
                13.3011695,
                3.213821e-06,
                3.95570555e-08,
                -1.13199769,
                0.00979972742,
                0.0,
                0.0,
                -10.060198
            ],
            [
                13.7764219,
                2.19031086e-06,
                3.61357691e-08,
                -1.29511099,
                0.0331923608,
                0.0,
                0.0,
                -10.4085085
            ],
            [
                14.3223853,
                1.51613456e-06,
                5.26471265e-08,
                -1.01743536,
                0.00733860798,
                0.0,
                0.0,
                -10.7375228
            ],
            [
                14.7976377,
                1.46224958e-06,
                5.13450271e-08,
                -1.39275844,
                0.00569836463,
                0.0,
                0.0,
                -10.7410669
            ],
            [
                15.2728902,
                1.58312753e-06,
                9.23087069e-09,
                -1.15345245,
                0.0143313614,
                0.0,
                0.0,
                -10.6300288
            ],
            [
                15.7481426,
                1.14791188e-06,
                2.49667771e-08,
                -1.13926216,
                0.0248680535,
                0.0,
                0.0,
                -10.9208436
            ]
        ]
    }
}