{
    "filename": "c:\\Users\\soeda\\TWA_analyzer\\data_raw\\0213_R5\\step_zm1_R5.txt",
    "samplename": null,
    "thickness_um": 26.5,
    "alpha_phase": 1.1443928803704964e-07,
    "r2_phase": 0.9066164544140718,
    "slope_phase": -0.13884595649866954,
    "intercept_phase": 0.8033111234299177,
    "alpha_amp": 1.0636056838296894e-07,
    "r2_amp": 0.9718456696978744,
    "slope_amp": -0.1440225465020403,
    "intercept_amp": -8.363973755264498,
    "alpha_ratio": 0.9294060650616315,
    "x_position": null,
    "y_position": null,
    "z_position": -1.0,
    "used_indices": [
        3,
        4,
        5,
        6,
        7,
        8,
        9,
        10,
        11,
        12,
        13
    ],
    "freq_range_min": 7.89174111,
    "freq_range_max": 12.825917,
    "kd_min": 1.095736342857822,
    "kd_max": 1.7808267138375462
}