{
    "metadata": {
        "試料厚": 26.5,
        "熱拡散率(位相)": 1.07153117e-07,
        "熱拡散率(振幅)": 1.70496018e-07,
        "ヒーター印加電圧": 5.0,
        "切片": -2.18098161,
        "Y position": 0.0
    },
    "filepath": "c:\\Users\\soeda\\TWA_analyzer\\data_raw\\0208_R3\\R3_zm1_20step_20to300.txt",
    "dataframe": {
        "index": [
            0,
            1,
            2,
            3,
            4,
            5,
            6,
            7,
            8,
            9,
            10,
            11,
            12,
            13,
            14,
            15,
            16,
            17,
            18,
            19
        ],
        "columns": [
            "sqrt_TW_freq",
            "amp",
            "amp_sigma",
            "theta",
            "theta_sigma",
            "DCV",
            "DCV_sigma",
            "decay_ratio"
        ],
        "data": [
            [
                4.47213595,
                2.66263296e-05,
                1.5706049e-07,
                -2.74483881,
                0.00473067767,
                0.0,
                0.0,
                -9.03574386
            ],
            [
                5.12127283,
                2.28706411e-05,
                1.81937554e-07,
                -2.82688146,
                0.00308896117,
                0.0,
                0.0,
                -9.05225351
            ],
            [
                5.77040971,
                1.93989936e-05,
                4.08631815e-08,
                -2.99734758,
                0.00352757589,
                0.0,
                0.0,
                -9.09754628
            ],
            [
                6.41954658,
                1.56280178e-05,
                1.65185956e-07,
                -3.11574026,
                0.0124348505,
                0.0,
                0.0,
                -9.20709775
            ],
            [
                7.21011189,
                1.6165947e-05,
                1.08585438e-07,
                -3.350045117179586,
                0.00889339906,
                0.0,
                0.0,
                -9.0571191
            ],
            [
                7.85924876,
                1.40867505e-05,
                6.85941453e-08,
                -3.4132658071795863,
                0.00398135736,
                0.0,
                0.0,
                -9.10858486
            ],
            [
                8.50838564,
                1.26221081e-05,
                1.39126714e-07,
                -3.4878763371795865,
                0.02166191,
                0.0,
                0.0,
                -9.13900844
            ],
            [
                9.15752252,
                7.81084914e-06,
                1.19652587e-08,
                -3.3691339871795862,
                0.0162828184,
                0.0,
                0.0,
                -9.5454212
            ],
            [
                9.80665939,
                6.33252093e-06,
                1.34223672e-07,
                -3.6625448671795864,
                0.0179840282,
                0.0,
                0.0,
                -9.68675046
            ],
            [
                10.5557975,
                6.92965089e-06,
                1.47718429e-07,
                -3.548686237179586,
                0.00534871554,
                0.0,
                0.0,
                -9.52302589
            ],
            [
                11.2049344,
                6.97689893e-06,
                1.34542974e-07,
                -3.802140127179586,
                0.0156731367,
                0.0,
                0.0,
                -9.45655177
            ],
            [
                11.8540713,
                1.95618013e-06,
                1.14691807e-07,
                -4.143559937179586,
                0.0648879228,
                0.0,
                0.0,
                -10.6718455
            ],
            [
                12.5848583,
                3.64450827e-06,
                1.7650231e-07,
                -3.894381267179586,
                0.0152987635,
                0.0,
                0.0,
                -9.98979474
            ],
            [
                13.2339951,
                4.42544855e-06,
                1.60450954e-07,
                -3.970238937179586,
                0.0215073041,
                0.0,
                0.0,
                -9.74535001
            ],
            [
                13.883132,
                5.2654854e-06,
                1.60291928e-07,
                -3.8022324471795863,
                0.0264825444,
                0.0,
                0.0,
                -9.52366265
            ],
            [
                14.6029798,
                3.25621979e-06,
                7.14256523e-09,
                -4.680300007179586,
                0.0175386622,
                0.0,
                0.0,
                -9.95371801
            ],
            [
                15.2521167,
                1.66809551e-06,
                1.41043987e-07,
                -4.410305367179586,
                0.0148389508,
                0.0,
                0.0,
                -10.5791097
            ],
            [
                15.9644992,
                1.6958561e-06,
                1.8571646e-07,
                -4.571889527179586,
                0.0763572007,
                0.0,
                0.0,
                -10.5169554
            ],
            [
                16.6136361,
                2.42246132e-06,
                1.8299494e-08,
                -4.207743507179586,
                0.00543672271,
                0.0,
                0.0,
                -10.1205027
            ],
            [
                17.262773,
                2.15714299e-06,
                1.58082996e-07,
                -4.806090667179586,
                0.0891397253,
                0.0,
                0.0,
                -10.1981736
            ]
        ]
    }
}