{
    "filename": "c:\\Users\\soeda\\TWA_analyzer\\data_raw\\0208_R3\\R3_zm1_20step_20to300.txt",
    "samplename": null,
    "thickness_um": 26.5,
    "alpha_phase": 1.0120015818047003e-07,
    "r2_phase": 0.7988574292824756,
    "slope_phase": -0.147648899608203,
    "intercept_phase": -2.149961154523766,
    "alpha_amp": 1.0634851372992675e-07,
    "r2_amp": 0.5385666753562516,
    "slope_amp": -0.14403070878175683,
    "intercept_amp": -8.091662634276002,
    "alpha_ratio": 0.9515897743288539,
    "x_position": null,
    "y_position": null,
    "z_position": null,
    "used_indices": [
        5,
        6,
        7,
        8,
        9,
        10,
        11,
        12,
        13,
        14,
        15,
        16,
        17
    ],
    "freq_range_min": 7.85924876,
    "freq_range_max": 15.9644992,
    "kd_min": 1.1604094311611337,
    "kd_max": 2.3571407396760367
}