{
    "metadata": {},
    "filepath": "c:\\Users\\soeda\\TWA_analyzer\\data_raw\\z_freq_sweep_test0422_20260422_210553\\data_1_pos_freq_summary\\x0,y0,zm2p7.csv",
    "dataframe": {
        "index": [
            0,
            1,
            2,
            3,
            4,
            5,
            6,
            7,
            8,
            9
        ],
        "columns": [
            "sqrt_TW_freq",
            "theta",
            "theta_sigma",
            "amp",
            "amp_sigma"
        ],
        "data": [
            [
                8.485251838721988,
                2.919481880959836,
                0.2070421940462969,
                3.34246150165421e-05,
                1.038622563955106e-05
            ],
            [
                11.31367057531638,
                2.72452165526316,
                0.1209346413319117,
                2.563969576572881e-05,
                6.170376989126427e-06
            ],
            [
                14.352661254676775,
                2.3834398116872206,
                0.1132007046667419,
                1.3289308829716668e-05,
                3.5074940884956515e-06
            ],
            [
                16.970530664399785,
                2.093285253911992,
                0.0878011540869208,
                7.478250972776666e-06,
                1.2109503951393747e-06
            ],
            [
                19.798898572517444,
                1.8481616050669896,
                0.0954189224452408,
                4.60233638554e-06,
                9.423224151298018e-07
            ],
            [
                22.627362836390517,
                1.5225218524858946,
                0.1284525545922021,
                2.869184356766667e-06,
                4.850436577978532e-07
            ],
            [
                25.45573582017304,
                1.2499247925554684,
                0.0692377280099246,
                1.6259584176050848e-06,
                3.343228505762687e-07
            ],
            [
                28.390072804244934,
                1.108173126389746,
                0.1512247333057206,
                1.0727484034213117e-06,
                2.223617948072808e-07
            ],
            [
                31.112527799743795,
                0.707916009700805,
                0.118982670606744,
                7.766916130525424e-07,
                2.1867512298163658e-07
            ],
            [
                33.94103102994672,
                0.540783746824815,
                0.1543428984729724,
                1.0594509999958062e-06,
                2.492113269034364e-06
            ]
        ]
    }
}