{
    "metadata": {},
    "filepath": "c:\\Users\\soeda\\TWA_analyzer\\data_raw\\z_freq_sweep_test0422_20260422_210553\\data_1_pos_freq_summary\\x0,y0,zm1p8.csv",
    "dataframe": {
        "index": [
            0,
            1,
            2,
            3,
            4,
            5,
            6,
            7,
            8,
            9
        ],
        "columns": [
            "sqrt_TW_freq",
            "theta",
            "theta_sigma",
            "amp",
            "amp_sigma"
        ],
        "data": [
            [
                8.485279230956534,
                2.906613870228504,
                0.2927970521991144,
                3.0392928365957127e-05,
                9.908160205084158e-06
            ],
            [
                11.313668021092894,
                2.6807145545085094,
                0.1148327384774553,
                2.3425529070716664e-05,
                5.811567672271026e-06
            ],
            [
                14.352669936908372,
                2.33888816907026,
                0.1268129153067369,
                1.1935789355773332e-05,
                3.019700896758449e-06
            ],
            [
                16.970427922978253,
                2.079621404474963,
                0.1010248374756794,
                7.000123582656666e-06,
                1.257354257224344e-06
            ],
            [
                19.798981267239483,
                1.846871080315176,
                0.0804532967081048,
                4.268440136461667e-06,
                7.242217752568932e-07
            ],
            [
                22.627273395351157,
                1.611256339408354,
                0.0940093833228511,
                2.590868936010169e-06,
                5.138387987117374e-07
            ],
            [
                25.45572571665033,
                1.1899128258993192,
                0.1438613785654941,
                1.6497990202433334e-06,
                4.28788698501329e-07
            ],
            [
                28.390118207735007,
                1.0598257624794498,
                0.050661092230733,
                1.036435520516e-06,
                9.65527011046486e-08
            ],
            [
                31.112551339119285,
                0.7149920823757595,
                0.2079639623360581,
                7.795937553588335e-07,
                8.605000115085593e-08
            ],
            [
                33.94123642924491,
                0.3969698199517299,
                0.1947653274686166,
                7.956926559485249e-07,
                2.558845372352513e-06
            ]
        ]
    }
}