{
    "filename": "c:\\Users\\soeda\\TWA_analyzer\\output\\z_sweep_test_0422_2105\\pos_sammarized\\x0,y0,zm1p8.csv",
    "samplename": null,
    "thickness_um": 50.0,
    "alpha_phase": 8.068221516686274e-07,
    "r2_phase": 0.9957349324179303,
    "slope_phase": -0.09866339012266727,
    "intercept_phase": 3.782522085169938,
    "alpha_amp": 6.581983932972555e-07,
    "r2_amp": 0.9628955180848798,
    "slope_amp": -0.10923618688191628,
    "intercept_amp": -7.160734311644644,
    "alpha_ratio": 0.8157911776913958,
    "x_position": 0.0,
    "y_position": 0.0,
    "z_position": -1.8,
    "used_indices": [
        1,
        2,
        3,
        4,
        5,
        6,
        7,
        8,
        9
    ],
    "freq_range_min": 11.313668021092894,
    "freq_range_max": 33.94123642924491,
    "kd_min": 1.1162448416834332,
    "kd_max": 3.348757451064277
}