{
    "metadata": {},
    "filepath": "c:\\Users\\soeda\\TWA_analyzer\\data_raw\\z_freq_sweep_test0422_20260422_210553\\data_1_pos_freq_summary\\x0,y0,zm5p4.csv",
    "dataframe": {
        "index": [
            0,
            1,
            2,
            3,
            4,
            5,
            6,
            7,
            8,
            9
        ],
        "columns": [
            "sqrt_TW_freq",
            "theta",
            "theta_sigma",
            "amp",
            "amp_sigma"
        ],
        "data": [
            [
                8.485251394529469,
                3.018103964180057,
                0.2893721656267505,
                4.718465596502401e-05,
                1.434238987519566e-05
            ],
            [
                11.31364766684468,
                2.818909150604362,
                0.1028161065728474,
                3.665822999515001e-05,
                8.553647720109516e-06
            ],
            [
                14.352691093223598,
                2.5066167216277684,
                0.1208491347169906,
                1.975721628081667e-05,
                4.665386828877678e-06
            ],
            [
                16.970474558307632,
                2.1853313922603648,
                0.0930931771521906,
                1.158294814253e-05,
                1.9522756065468243e-06
            ],
            [
                19.79896101104803,
                1.9584519611248583,
                0.0973786616947067,
                7.156910184364999e-06,
                1.3914595228937511e-06
            ],
            [
                22.62741938067986,
                1.6650291530110812,
                0.118178526049443,
                4.4747385951800005e-06,
                7.134827022517456e-07
            ],
            [
                25.45563244598989,
                1.3854904175124196,
                0.0878462935688482,
                2.7220338097333333e-06,
                3.721812623349129e-07
            ],
            [
                28.39008721371481,
                1.1787607142585657,
                0.0891517649319057,
                1.953235168158333e-06,
                2.985655786559607e-07
            ],
            [
                31.11264593706095,
                0.8663476779956683,
                0.1258580298742343,
                1.3361588159237286e-06,
                1.5165337307204957e-07
            ],
            [
                33.94080743823011,
                0.6332914170264621,
                0.1581074394407282,
                1.4411153292508197e-06,
                4.020708895618084e-06
            ]
        ]
    }
}