{
    "filename": "c:\\Users\\soeda\\TWA_analyzer\\data_raw\\z_freq_sweep_test0422_20260422_210553\\data_1_pos_freq_summary\\x0,y0,zm5p4.csv",
    "samplename": null,
    "thickness_um": 50.0,
    "alpha_phase": 8.814282534020814e-07,
    "r2_phase": 0.9978889995629942,
    "slope_phase": -0.09439553604041545,
    "intercept_phase": 3.8205623199635586,
    "alpha_amp": 8.121466407145565e-07,
    "r2_amp": 0.9461433935245883,
    "slope_amp": -0.09833943630937671,
    "intercept_amp": -6.901005295827174,
    "alpha_ratio": 0.9213984661597627,
    "x_position": null,
    "y_position": null,
    "z_position": null,
    "used_indices": [
        2,
        3,
        4,
        5,
        6,
        7,
        8,
        9
    ],
    "freq_range_min": 14.352691093223598,
    "freq_range_max": 33.94080743823011,
    "kd_min": 1.354829969367338,
    "kd_max": 3.2038607117762514
}