{
    "filename": "c:\\Users\\soeda\\TWA_analyzer\\output\\z_sweep_test_0422_2105\\pos_sammarized\\x0,y0,zm5p4.csv",
    "samplename": null,
    "thickness_um": 50.0,
    "alpha_phase": 8.527288108418833e-07,
    "r2_phase": 0.9979595978067043,
    "slope_phase": -0.09597087896779163,
    "intercept_phase": 3.8636306909222036,
    "alpha_amp": 7.303190392699329e-07,
    "r2_amp": 0.9598754929484986,
    "slope_amp": -0.10370235746237584,
    "intercept_amp": -6.754388153854137,
    "alpha_ratio": 0.8564493541022761,
    "x_position": 0.0,
    "y_position": 0.0,
    "z_position": -5.4,
    "used_indices": [
        1,
        2,
        3,
        4,
        5,
        6,
        7,
        8,
        9
    ],
    "freq_range_min": 11.31364766684468,
    "freq_range_max": 33.94080743823011,
    "kd_min": 1.0857807109189892,
    "kd_max": 3.257329122723504
}