{
    "z_position_um_mean": 2.799999999999999,
    "convergence_settings": {
        "average_count": 30,
        "duration_used_sec": 30.0
    },
    "results": {
        "R_V": {
            "mean": 4.3169791445266665e-09,
            "std": 1.2696327721860554e-09
        },
        "Theta_deg": {
            "mean": 80.74979305259998,
            "std": 40.444599325732014
        },
        "Frequency_Hz": {
            "mean": 31.999904696033333
        }
    },
    "timestamp": "2026-02-17T18:56:15.171057"
}