{
    "z_position_um_mean": 1.1000000000000003,
    "convergence_settings": {
        "average_count": 30,
        "duration_used_sec": 30.0
    },
    "results": {
        "R_V": {
            "mean": 2.272977595033333e-09,
            "std": 9.60900625886936e-10
        },
        "Theta_deg": {
            "mean": -72.03416442883334,
            "std": 38.97677821869542
        },
        "Frequency_Hz": {
            "mean": 31.999680201200004
        }
    },
    "timestamp": "2026-02-17T19:14:40.111059"
}