{
    "z_position_um_mean": 1.2999999999999996,
    "convergence_settings": {
        "average_count": 30,
        "duration_used_sec": 30.0
    },
    "results": {
        "R_V": {
            "mean": 4.81872625506e-09,
            "std": 5.062982720472396e-10
        },
        "Theta_deg": {
            "mean": -81.90564002986666,
            "std": 12.732831378427155
        },
        "Frequency_Hz": {
            "mean": 31.999968846599998
        }
    },
    "timestamp": "2026-02-17T19:12:30.110097"
}