{
    "z_position_um_mean": -1.1000000000000003,
    "convergence_settings": {
        "average_count": 30,
        "duration_used_sec": 30.0
    },
    "results": {
        "R_V": {
            "mean": 5.169370724070001e-09,
            "std": 8.36619895082463e-10
        },
        "Theta_deg": {
            "mean": -22.32090006373166,
            "std": 17.437648999886207
        },
        "Frequency_Hz": {
            "mean": 31.999955622366663
        }
    },
    "timestamp": "2026-02-17T19:38:30.231059"
}