{
    "z_position_um_mean": 1.7999999999999996,
    "convergence_settings": {
        "average_count": 30,
        "duration_used_sec": 30.0
    },
    "results": {
        "R_V": {
            "mean": 7.949877467436666e-09,
            "std": 8.749566628373052e-10
        },
        "Theta_deg": {
            "mean": 11.946429915191,
            "std": 9.340103489731133
        },
        "Frequency_Hz": {
            "mean": 31.999618975333338
        }
    },
    "timestamp": "2026-02-17T19:07:05.074089"
}