{
    "z_position_um_mean": 2.900000000000001,
    "convergence_settings": {
        "average_count": 30,
        "duration_used_sec": 30.0
    },
    "results": {
        "R_V": {
            "mean": 2.169396007276667e-09,
            "std": 4.5054391989948144e-10
        },
        "Theta_deg": {
            "mean": -28.718577639233338,
            "std": 15.503778139154743
        },
        "Frequency_Hz": {
            "mean": 31.999711799666663
        }
    },
    "timestamp": "2026-02-17T18:55:11.487058"
}