{
    "z_position_um_mean": -0.8000000000000003,
    "convergence_settings": {
        "average_count": 30,
        "duration_used_sec": 30.0
    },
    "results": {
        "R_V": {
            "mean": 7.34976817184e-09,
            "std": 8.504873170791111e-10
        },
        "Theta_deg": {
            "mean": -28.45324241323667,
            "std": 16.38157045243867
        },
        "Frequency_Hz": {
            "mean": 32.00001080836667
        }
    },
    "timestamp": "2026-02-17T19:35:15.168057"
}