{
    "z_position_um_mean": -2.2999999999999994,
    "convergence_settings": {
        "average_count": 30,
        "duration_used_sec": 30.0
    },
    "results": {
        "R_V": {
            "mean": 6.520833813663333e-09,
            "std": 7.17654474016746e-10
        },
        "Theta_deg": {
            "mean": -26.573978360500007,
            "std": 11.30407506579283
        },
        "Frequency_Hz": {
            "mean": 31.999872207633334
        }
    },
    "timestamp": "2026-02-17T19:51:30.146058"
}