{
    "z_position_um_mean": 1.8999999999999995,
    "convergence_settings": {
        "average_count": 30,
        "duration_used_sec": 30.0
    },
    "results": {
        "R_V": {
            "mean": 4.817376186846666e-09,
            "std": 1.1429518442724412e-09
        },
        "Theta_deg": {
            "mean": 20.188151550000004,
            "std": 151.15051406352595
        },
        "Frequency_Hz": {
            "mean": 31.999883015866665
        }
    },
    "timestamp": "2026-02-17T19:06:00.125057"
}