{
    "z_position_um_mean": 2.2000000000000006,
    "convergence_settings": {
        "average_count": 30,
        "duration_used_sec": 30.0
    },
    "results": {
        "R_V": {
            "mean": 4.760402054036667e-09,
            "std": 2.4260618597179647e-09
        },
        "Theta_deg": {
            "mean": 71.73531901039999,
            "std": 106.49022961779959
        },
        "Frequency_Hz": {
            "mean": 32.000034141633336
        }
    },
    "timestamp": "2026-02-17T19:02:45.047058"
}