{
    "z_position_um_mean": -1.8999999999999995,
    "convergence_settings": {
        "average_count": 30,
        "duration_used_sec": 30.0
    },
    "results": {
        "R_V": {
            "mean": 4.79588740572e-09,
            "std": 1.2201005882655934e-09
        },
        "Theta_deg": {
            "mean": -19.30074145,
            "std": 8.233742440244017
        },
        "Frequency_Hz": {
            "mean": 31.999372545866667
        }
    },
    "timestamp": "2026-02-17T19:47:10.305058"
}