{
    "filename": "c:\\Users\\soeda\\TWA_analyzer\\data_raw\\0212\\step_zm6_R15.txt",
    "samplename": null,
    "thickness_um": 26.5,
    "alpha_phase": 8.084892738112779e-08,
    "r2_phase": 0.9697043306501446,
    "slope_phase": -0.1651899717957165,
    "intercept_phase": 1.0427098587180201,
    "alpha_amp": 8.894741437492074e-08,
    "r2_amp": 0.9461075517988571,
    "slope_amp": -0.1574904218415653,
    "intercept_amp": -8.17627186488295,
    "alpha_ratio": 0.9089519684107157,
    "x_position": null,
    "y_position": null,
    "z_position": -6.0,
    "used_indices": [
        3,
        4,
        5,
        6,
        7,
        8,
        9,
        10,
        11,
        12,
        13,
        14
    ],
    "freq_range_min": 7.89174111,
    "freq_range_max": 13.3011695,
    "kd_min": 1.3036364913799963,
    "kd_max": 2.1972198145550443
}