{
    "metadata": {},
    "filepath": "c:\\Users\\soeda\\TWA_analyzer\\data_raw\\z_freq_sweep_test0422_20260422_210553\\data_1_pos_freq_summary\\x0,y0,zm2p4.csv",
    "dataframe": {
        "index": [
            0,
            1,
            2,
            3,
            4,
            5,
            6,
            7,
            8,
            9
        ],
        "columns": [
            "sqrt_TW_freq",
            "theta",
            "theta_sigma",
            "amp",
            "amp_sigma"
        ],
        "data": [
            [
                8.485230876284552,
                2.932531590559432,
                0.311588882617117,
                3.26514617344928e-05,
                1.0603224065510186e-05
            ],
            [
                11.313681243992455,
                2.708946224444823,
                0.1214362703239819,
                2.472795852866666e-05,
                6.421796193934456e-06
            ],
            [
                14.35255020999172,
                2.378413368437868,
                0.1132902972047143,
                1.2938220894916666e-05,
                3.151403267009465e-06
            ],
            [
                16.97045795421169,
                2.0922469081755866,
                0.1149537014520503,
                7.196472370191667e-06,
                1.5424969550372003e-06
            ],
            [
                19.79894663772966,
                1.8049438963226547,
                0.1147871175165909,
                4.311306262635e-06,
                8.108610107413864e-07
            ],
            [
                22.62732231909394,
                1.512200722834007,
                0.1480581384356115,
                2.582542572331667e-06,
                4.735950013117697e-07
            ],
            [
                25.455691747193505,
                1.3131185013623,
                0.0595972962234598,
                1.6407140885525423e-06,
                2.556761993793532e-07
            ],
            [
                28.38996778785304,
                1.098700800386527,
                0.0883329495447706,
                9.737386041793331e-07,
                2.809788405583079e-07
            ],
            [
                31.11269286296993,
                0.7505461403249646,
                0.1756121105384252,
                6.473412819716667e-07,
                1.222924121213337e-07
            ],
            [
                33.94103092573411,
                0.3984589530392012,
                0.2682111620303484,
                8.498846466306556e-07,
                2.80716170273926e-06
            ]
        ]
    }
}