{
    "z_position_um_mean": -1.3999999999999995,
    "convergence_settings": {
        "average_count": 30,
        "duration_used_sec": 30.0
    },
    "results": {
        "R_V": {
            "mean": 7.96980809052e-06,
            "std": 2.3314902774945638e-07
        },
        "Theta_deg": {
            "mean": -23.954449653666664,
            "std": 1.5316636317147063
        },
        "Frequency_Hz": {
            "mean": 31.999751154566663
        }
    },
    "timestamp": "2026-02-12T18:57:54.360394"
}