{
    "z_position_um_mean": -1.6000000000000005,
    "convergence_settings": {
        "average_count": 30,
        "duration_used_sec": 30.0
    },
    "results": {
        "R_V": {
            "mean": 8.415315369353333e-06,
            "std": 3.249514064555974e-08
        },
        "Theta_deg": {
            "mean": -27.72864971156667,
            "std": 1.3118644556713988
        },
        "Frequency_Hz": {
            "mean": 31.999805196166665
        }
    },
    "timestamp": "2026-02-12T19:00:04.720567"
}