{
    "z_position_um_mean": -1.2000000000000002,
    "convergence_settings": {
        "average_count": 30,
        "duration_used_sec": 30.0
    },
    "results": {
        "R_V": {
            "mean": 7.663410118160001e-06,
            "std": 3.254111127974826e-07
        },
        "Theta_deg": {
            "mean": -28.286676152566667,
            "std": 0.68543357007202
        },
        "Frequency_Hz": {
            "mean": 31.999361101833326
        }
    },
    "timestamp": "2026-02-12T18:55:44.333304"
}