{
    "z_position_um_mean": -5.5,
    "convergence_settings": {
        "average_count": 30,
        "duration_used_sec": 30.0
    },
    "results": {
        "R_V": {
            "mean": 1.050957447063333e-05,
            "std": 2.7716251534692986e-07
        },
        "Theta_deg": {
            "mean": -15.675396347033335,
            "std": 1.1404312812507995
        },
        "Frequency_Hz": {
            "mean": 32.0000887552
        }
    },
    "timestamp": "2026-02-12T23:36:39.423344"
}