{
    "z_position_um_mean": -1.2999999999999996,
    "convergence_settings": {
        "average_count": 30,
        "duration_used_sec": 30.0
    },
    "results": {
        "R_V": {
            "mean": 7.843392207476666e-06,
            "std": 1.590162255445481e-07
        },
        "Theta_deg": {
            "mean": -27.30805155436667,
            "std": 1.12735691137686
        },
        "Frequency_Hz": {
            "mean": 31.999686050433333
        }
    },
    "timestamp": "2026-02-12T18:56:49.330983"
}