{
    "z_position_um_mean": -3.299999999999999,
    "convergence_settings": {
        "average_count": 30,
        "duration_used_sec": 30.0
    },
    "results": {
        "R_V": {
            "mean": 1.0525548714166665e-05,
            "std": 2.114874901099826e-07
        },
        "Theta_deg": {
            "mean": -14.744746875700002,
            "std": 0.9458206074804221
        },
        "Frequency_Hz": {
            "mean": 32.00032653816667
        }
    },
    "timestamp": "2026-02-12T21:36:07.615381"
}