{
    "z_position_um_mean": 0.20000000000000007,
    "convergence_settings": {
        "average_count": 30,
        "duration_used_sec": 30.0
    },
    "results": {
        "R_V": {
            "mean": 4.853068306446666e-06,
            "std": 1.1087956015497269e-07
        },
        "Theta_deg": {
            "mean": -35.84368324286667,
            "std": 1.1951938023738404
        },
        "Frequency_Hz": {
            "mean": 31.999717648833332
        }
    },
    "timestamp": "2026-02-12T15:43:40.434109"
}