{
    "z_position_um_mean": -1.7999999999999996,
    "convergence_settings": {
        "average_count": 30,
        "duration_used_sec": 30.0
    },
    "results": {
        "R_V": {
            "mean": 8.294927980986667e-06,
            "std": 2.2042494890739732e-07
        },
        "Theta_deg": {
            "mean": -26.763419787100005,
            "std": 0.8795778887500847
        },
        "Frequency_Hz": {
            "mean": 31.999796930966667
        }
    },
    "timestamp": "2026-02-12T19:02:14.537571"
}