{
    "z_position_um_mean": -2.0,
    "convergence_settings": {
        "average_count": 30,
        "duration_used_sec": 30.0
    },
    "results": {
        "R_V": {
            "mean": 8.913875717556668e-06,
            "std": 2.377924581510557e-07
        },
        "Theta_deg": {
            "mean": -20.730276044166665,
            "std": 0.7809882623136994
        },
        "Frequency_Hz": {
            "mean": 31.999809265233335
        }
    },
    "timestamp": "2026-02-12T19:06:24.194345"
}