{
    "z_position_um_mean": 0.5,
    "convergence_settings": {
        "average_count": 30,
        "duration_used_sec": 30.0
    },
    "results": {
        "R_V": {
            "mean": 4.978773707379999e-06,
            "std": 2.3752212325088756e-07
        },
        "Theta_deg": {
            "mean": -37.67355473836667,
            "std": 2.5786764680762935
        },
        "Frequency_Hz": {
            "mean": 31.99975026453333
        }
    },
    "timestamp": "2026-02-12T15:40:25.449238"
}