{
    "metadata": {
        "x_pos": 0.0,
        "y_pos": 0.0,
        "z_pos": -2.1
    },
    "filepath": "c:\\Users\\soeda\\TWA_analyzer\\output\\z_sweep_test_0422_2105\\pos_sammarized\\x0,y0,zm2p1.csv",
    "dataframe": {
        "index": [
            0,
            1,
            2,
            3,
            4,
            5,
            6,
            7,
            8,
            9,
            10
        ],
        "columns": [
            "sqrt_TW_freq",
            "theta",
            "theta_sigma",
            "amp",
            "amp_sigma"
        ],
        "data": [
            [
                8.485255703253825,
                2.917336189750236,
                0.2300016074626563,
                3.1766508291073674e-05,
                1.0161459647720823e-05
            ],
            [
                9.153667827980213,
                2.923303459057685,
                0.0,
                3.6796238419e-05,
                0.0
            ],
            [
                11.313661683003325,
                2.699877732038805,
                0.1253989126024353,
                2.397202913901695e-05,
                5.872296804367337e-06
            ],
            [
                14.352626605323268,
                2.396188350685217,
                0.1115774221520603,
                1.2502609206448334e-05,
                3.365901910138054e-06
            ],
            [
                16.9704464752306,
                2.0674847065217827,
                0.1139753567454286,
                6.825220187541666e-06,
                1.437695938958223e-06
            ],
            [
                19.79888625434101,
                1.778618943782076,
                0.1100813985335416,
                4.21425917996e-06,
                7.122630716620557e-07
            ],
            [
                22.627380032348714,
                1.5495825714815814,
                0.1291402669372684,
                2.691058796244999e-06,
                4.510968797414274e-07
            ],
            [
                25.45582308299681,
                1.2687137072450023,
                0.1749999886941798,
                1.6387921126266666e-06,
                3.171748536267701e-07
            ],
            [
                28.390026246756097,
                0.9701981853856576,
                0.1786665813939487,
                9.906684113025e-07,
                2.2189704237728985e-07
            ],
            [
                31.112613412226665,
                0.8143258230761452,
                0.0838836310103648,
                8.260090766056666e-07,
                1.1595813470584361e-07
            ],
            [
                33.94114423378191,
                0.4690943129631937,
                0.2059609747468181,
                1.563939613619516e-06,
                4.552299363229859e-06
            ]
        ]
    }
}