{
    "z_position_um_mean": 2.799999999999999,
    "convergence_settings": {
        "average_count": 30,
        "duration_used_sec": 30.0
    },
    "results": {
        "R_V": {
            "mean": 4.00544634496e-08,
            "std": 9.254761583578407e-10
        },
        "Theta_deg": {
            "mean": -31.862709744766665,
            "std": 0.47398550042311033
        },
        "Frequency_Hz": {
            "mean": 31.999847920700002
        }
    },
    "timestamp": "2026-02-17T15:51:31.477885"
}