{
    "z_position_um_mean": -3.5,
    "convergence_settings": {
        "average_count": 30,
        "duration_used_sec": 30.0
    },
    "results": {
        "R_V": {
            "mean": 7.141617833406668e-08,
            "std": 2.9341834277300115e-10
        },
        "Theta_deg": {
            "mean": -13.494009176899999,
            "std": 0.15542697134208824
        },
        "Frequency_Hz": {
            "mean": 32.000036557499996
        }
    },
    "timestamp": "2026-02-17T17:32:31.134648"
}