{
    "z_position_um_mean": -1.5,
    "convergence_settings": {
        "average_count": 30,
        "duration_used_sec": 30.0
    },
    "results": {
        "R_V": {
            "mean": 6.2301559467e-08,
            "std": 2.3335319088946346e-10
        },
        "Theta_deg": {
            "mean": -19.090367698733335,
            "std": 0.7636137071861511
        },
        "Frequency_Hz": {
            "mean": 31.999778747599997
        }
    },
    "timestamp": "2026-02-17T16:41:00.852009"
}