{
    "z_position_um_mean": -1.6000000000000005,
    "convergence_settings": {
        "average_count": 30,
        "duration_used_sec": 30.0
    },
    "results": {
        "R_V": {
            "mean": 6.31789764801e-08,
            "std": 2.9795766126611707e-10
        },
        "Theta_deg": {
            "mean": -18.666832097466667,
            "std": 0.21923058293719644
        },
        "Frequency_Hz": {
            "mean": 31.999595260733333
        }
    },
    "timestamp": "2026-02-17T16:42:05.867007"
}