{
    "z_position_um_mean": 1.3999999999999995,
    "convergence_settings": {
        "average_count": 30,
        "duration_used_sec": 30.0
    },
    "results": {
        "R_V": {
            "mean": 4.3102028494533324e-08,
            "std": 6.073842729233448e-10
        },
        "Theta_deg": {
            "mean": -34.377347564699996,
            "std": 0.44797420680245864
        },
        "Frequency_Hz": {
            "mean": 31.9996586482
        }
    },
    "timestamp": "2026-02-17T16:06:41.466927"
}