{
    "z_position_um_mean": -1.0,
    "convergence_settings": {
        "average_count": 30,
        "duration_used_sec": 30.0
    },
    "results": {
        "R_V": {
            "mean": 6.062729234196666e-08,
            "std": 5.354896596311606e-10
        },
        "Theta_deg": {
            "mean": -22.735089683533335,
            "std": 0.5454114073409333
        },
        "Frequency_Hz": {
            "mean": 31.999931971266673
        }
    },
    "timestamp": "2026-02-17T16:35:35.771006"
}