{
    "z_position_um_mean": 1.7999999999999996,
    "convergence_settings": {
        "average_count": 30,
        "duration_used_sec": 30.0
    },
    "results": {
        "R_V": {
            "mean": 4.017298434653333e-08,
            "std": 6.481322159653782e-10
        },
        "Theta_deg": {
            "mean": -28.13612238573334,
            "std": 0.493743403518362
        },
        "Frequency_Hz": {
            "mean": 31.999842643766662
        }
    },
    "timestamp": "2026-02-17T16:02:21.442927"
}