{
    "z_position_um_mean": -3.900000000000001,
    "convergence_settings": {
        "average_count": 30,
        "duration_used_sec": 30.0
    },
    "results": {
        "R_V": {
            "mean": 7.251964220243333e-08,
            "std": 3.1492274221539734e-10
        },
        "Theta_deg": {
            "mean": -11.800686200466666,
            "std": 0.2147114507616812
        },
        "Frequency_Hz": {
            "mean": 31.999633661966662
        }
    },
    "timestamp": "2026-02-17T17:36:51.167543"
}