{
    "z_position_um_mean": -1.8999999999999995,
    "convergence_settings": {
        "average_count": 30,
        "duration_used_sec": 30.0
    },
    "results": {
        "R_V": {
            "mean": 6.63148192359e-08,
            "std": 2.5958428264653323e-10
        },
        "Theta_deg": {
            "mean": -15.594554201766668,
            "std": 0.6685886859135419
        },
        "Frequency_Hz": {
            "mean": 31.999628766366673
        }
    },
    "timestamp": "2026-02-17T16:45:20.781044"
}