{
    "z_position_um_mean": -2.1000000000000005,
    "convergence_settings": {
        "average_count": 30,
        "duration_used_sec": 30.0
    },
    "results": {
        "R_V": {
            "mean": 6.955209409889999e-08,
            "std": 2.1171307038466924e-10
        },
        "Theta_deg": {
            "mean": -16.044673983299997,
            "std": 0.32535816374490134
        },
        "Frequency_Hz": {
            "mean": 31.999811172433333
        }
    },
    "timestamp": "2026-02-17T16:47:30.759008"
}