{
    "z_position_um_mean": -2.5,
    "convergence_settings": {
        "average_count": 30,
        "duration_used_sec": 30.0
    },
    "results": {
        "R_V": {
            "mean": 6.90857544802e-08,
            "std": 1.1441838777432167e-10
        },
        "Theta_deg": {
            "mean": -14.596183618000001,
            "std": 0.6441123814856183
        },
        "Frequency_Hz": {
            "mean": 31.99967695876667
        }
    },
    "timestamp": "2026-02-17T16:51:50.792009"
}