{
    "z_position_um_mean": -1.1000000000000003,
    "convergence_settings": {
        "average_count": 30,
        "duration_used_sec": 30.0
    },
    "results": {
        "R_V": {
            "mean": 5.738023223973333e-08,
            "std": 5.836656549140486e-10
        },
        "Theta_deg": {
            "mean": -21.645020294166663,
            "std": 1.3054862371739802
        },
        "Frequency_Hz": {
            "mean": 31.999592081600003
        }
    },
    "timestamp": "2026-02-17T16:36:40.768038"
}