{
    "z_position_um_mean": 0.8000000000000003,
    "convergence_settings": {
        "average_count": 30,
        "duration_used_sec": 30.0
    },
    "results": {
        "R_V": {
            "mean": 4.362859489973333e-08,
            "std": 4.657578646850728e-10
        },
        "Theta_deg": {
            "mean": -32.19598445896666,
            "std": 0.7822702694718422
        },
        "Frequency_Hz": {
            "mean": 32.000012652200006
        }
    },
    "timestamp": "2026-02-17T16:16:05.832007"
}