{
    "z_position_um_mean": -3.700000000000001,
    "convergence_settings": {
        "average_count": 30,
        "duration_used_sec": 30.0
    },
    "results": {
        "R_V": {
            "mean": 7.55116538187e-08,
            "std": 5.990307110908981e-10
        },
        "Theta_deg": {
            "mean": -12.621256415133335,
            "std": 0.41718371488016454
        },
        "Frequency_Hz": {
            "mean": 31.999774169933335
        }
    },
    "timestamp": "2026-02-17T17:34:41.205538"
}