{
    "z_position_um_mean": -1.2999999999999996,
    "convergence_settings": {
        "average_count": 30,
        "duration_used_sec": 30.0
    },
    "results": {
        "R_V": {
            "mean": 6.004083677636667e-08,
            "std": 3.1267782605656465e-10
        },
        "Theta_deg": {
            "mean": -20.419092368999998,
            "std": 0.35289508585183144
        },
        "Frequency_Hz": {
            "mean": 32.0000099818
        }
    },
    "timestamp": "2026-02-17T16:38:50.834009"
}