{
    "metadata": {
        "試料厚": 26.5,
        "熱拡散率(位相)": 8.57873265e-08,
        "熱拡散率(振幅)": 5.29744959e-08,
        "ヒーター印加電圧": 1.5,
        "切片": 3.84175359,
        "Y position": 0.0
    },
    "filepath": "c:\\Users\\soeda\\TWA_analyzer\\data_raw\\0214_R1.5\\step_z2_R1.5.txt",
    "dataframe": {
        "index": [
            0,
            1,
            2,
            3,
            4,
            5,
            6,
            7,
            8,
            9,
            10,
            11,
            12,
            13,
            14,
            15,
            16,
            17,
            18,
            19
        ],
        "columns": [
            "sqrt_TW_freq",
            "amp",
            "amp_sigma",
            "theta",
            "theta_sigma",
            "DCV",
            "DCV_sigma",
            "decay_ratio"
        ],
        "data": [
            [
                6.32455532,
                2.66212663e-05,
                2.439574e-08,
                2.92140026,
                0.00127309306,
                0.0,
                0.0,
                -8.68936045
            ],
            [
                6.79980777,
                2.2636163e-05,
                6.25772246e-08,
                2.78185469,
                0.00385806887,
                0.0,
                0.0,
                -8.77906745
            ],
            [
                7.41648866,
                1.79357773e-05,
                3.36546778e-08,
                2.67107989,
                0.000139298642,
                0.0,
                0.0,
                -8.92500739
            ],
            [
                7.89174111,
                1.45720332e-05,
                7.26608522e-09,
                2.62407457,
                0.000957252416,
                0.0,
                0.0,
                -9.07058962
            ],
            [
                8.36699356,
                1.28080044e-05,
                3.67936039e-08,
                2.50130515,
                0.00178924707,
                0.0,
                0.0,
                -9.14114561
            ],
            [
                8.84224602,
                1.11474709e-05,
                8.59870364e-08,
                2.41653924,
                0.00175301331,
                0.0,
                0.0,
                -9.224757
            ],
            [
                9.31749847,
                9.09656622e-06,
                3.43693544e-08,
                2.27971397,
                0.000262497264,
                0.0,
                0.0,
                -9.37571937
            ],
            [
                9.79275092,
                9.20851181e-06,
                6.64891232e-08,
                2.22164313,
                0.000750011431,
                0.0,
                0.0,
                -9.31373989
            ],
            [
                10.3680046,
                7.57009188e-06,
                1.98576646e-08,
                2.13740243,
                0.00552157043,
                0.0,
                0.0,
                -9.45258077
            ],
            [
                10.8432571,
                6.14345556e-06,
                5.25596462e-08,
                2.07125858,
                0.0136801981,
                0.0,
                0.0,
                -9.61657976
            ],
            [
                11.3185095,
                4.91980691e-06,
                6.01483931e-08,
                2.04836895,
                0.00287597327,
                0.0,
                0.0,
                -9.79580188
            ],
            [
                11.793762,
                4.74670837e-06,
                4.56155868e-08,
                1.77406068,
                0.000339405353,
                0.0,
                0.0,
                -9.79048841
            ],
            [
                12.3506645,
                3.62947238e-06,
                2.4912828e-08,
                1.87242662,
                0.00202921278,
                0.0,
                0.0,
                -10.0127134
            ],
            [
                12.825917,
                3.73932605e-06,
                3.6528229e-09,
                1.84292288,
                0.0218232746,
                0.0,
                0.0,
                -9.94513727
            ],
            [
                13.3011695,
                2.91702121e-06,
                4.55766468e-08,
                1.60889921,
                0.00819689693,
                0.0,
                0.0,
                -10.1570956
            ],
            [
                13.7764219,
                2.76490254e-06,
                1.8645197e-08,
                1.75499142,
                0.00365999493,
                0.0,
                0.0,
                -10.1755466
            ],
            [
                14.3223853,
                2.29079791e-06,
                1.47809368e-08,
                1.45136251,
                0.0265925589,
                0.0,
                0.0,
                -10.3247867
            ],
            [
                14.7976377,
                1.29731167e-06,
                3.583513e-08,
                1.52032507,
                0.00350261059,
                0.0,
                0.0,
                -10.8607488
            ],
            [
                15.2728902,
                2.03201141e-06,
                1.21781314e-08,
                1.27167082,
                0.0109049837,
                0.0,
                0.0,
                -10.380405
            ],
            [
                15.7481426,
                1.83973765e-06,
                3.08898989e-08,
                1.54762809,
                0.0235935013,
                0.0,
                0.0,
                -10.4491652
            ]
        ]
    }
}