{
    "filename": "c:\\Users\\soeda\\TWA_analyzer\\data_raw\\0214_R1.5\\step_z2_R1.5.txt",
    "samplename": null,
    "thickness_um": 26.5,
    "alpha_phase": 7.078853668160675e-08,
    "r2_phase": 0.964726841112202,
    "slope_phase": -0.17653846369538953,
    "intercept_phase": 3.976120650325823,
    "alpha_amp": 5.2081739467293686e-08,
    "r2_amp": 0.970997562516644,
    "slope_amp": -0.20581549596136037,
    "intercept_amp": -7.402628222013744,
    "alpha_ratio": 0.7357369131890288,
    "x_position": null,
    "y_position": null,
    "z_position": 2.0,
    "used_indices": [
        2,
        3,
        4,
        5,
        6,
        7,
        8,
        9,
        10,
        11,
        12
    ],
    "freq_range_min": 7.41648866,
    "freq_range_max": 12.3506645,
    "kd_min": 1.3092955140506781,
    "kd_max": 2.180367336447186
}