{
    "metadata": {
        "試料厚": 26.5,
        "熱拡散率(位相)": 1.03738932e-07,
        "熱拡散率(振幅)": 1.03217556e-07,
        "ヒーター印加電圧": 1.5,
        "切片": -2.16952916,
        "Y position": 0.0,
        "z_pos": -1.0
    },
    "filepath": "c:\\Users\\soeda\\TWA_analyzer\\data_raw\\0213_R7\\step_zm1_R7.txt",
    "dataframe": {
        "index": [
            0,
            1,
            2,
            3,
            4,
            5,
            6,
            7,
            8,
            9,
            10,
            11,
            12,
            13,
            14,
            15,
            16,
            17,
            18,
            19
        ],
        "columns": [
            "sqrt_TW_freq",
            "amp",
            "amp_sigma",
            "theta",
            "theta_sigma",
            "DCV",
            "DCV_sigma",
            "decay_ratio"
        ],
        "data": [
            [
                6.32455532,
                4.76918887e-05,
                1.15487392e-07,
                -3.06298045,
                0.000774367424,
                0.0,
                0.0,
                -8.1063095
            ],
            [
                6.79980777,
                4.14951164e-05,
                1.13664843e-08,
                -3.1498268171795862,
                0.000638953128,
                0.0,
                0.0,
                -8.17304047
            ],
            [
                7.41648866,
                3.50967969e-05,
                1.25792714e-08,
                -3.271252327179586,
                0.000216863388,
                0.0,
                0.0,
                -8.25369497
            ],
            [
                7.89174111,
                3.13603936e-05,
                9.0819513e-08,
                -3.3225986671795864,
                0.0038200191,
                0.0,
                0.0,
                -8.30414803
            ],
            [
                8.36699356,
                2.76629506e-05,
                4.61547251e-08,
                -3.4254904271795863,
                0.000372151948,
                0.0,
                0.0,
                -8.37112194
            ],
            [
                8.84224602,
                2.51667325e-05,
                7.49952321e-08,
                -3.4892080871795863,
                0.00117200268,
                0.0,
                0.0,
                -8.41044666
            ],
            [
                9.31749847,
                2.2616873e-05,
                4.99717607e-09,
                -3.548177887179586,
                0.00391636491,
                0.0,
                0.0,
                -8.46492015
            ],
            [
                9.79275092,
                1.85896339e-05,
                9.54856102e-08,
                -3.6355760671795863,
                0.00304708814,
                0.0,
                0.0,
                -8.61126404
            ],
            [
                10.3680046,
                1.71595008e-05,
                5.87755404e-08,
                -3.707052757179586,
                0.00543588726,
                0.0,
                0.0,
                -8.63423397
            ],
            [
                10.8432571,
                1.44199579e-05,
                1.62687834e-08,
                -3.6680891571795864,
                0.00373893526,
                0.0,
                0.0,
                -8.76335393
            ],
            [
                11.3185095,
                1.40214288e-05,
                1.02159097e-07,
                -3.8275675971795864,
                0.00516188597,
                0.0,
                0.0,
                -8.74848437
            ],
            [
                11.793762,
                1.21167585e-05,
                8.58667611e-08,
                -3.9146992971795864,
                0.000495926919,
                0.0,
                0.0,
                -8.85335032
            ],
            [
                12.3506645,
                1.04064615e-05,
                4.56057134e-08,
                -3.939119507179586,
                0.00762680194,
                0.0,
                0.0,
                -8.95937378
            ],
            [
                12.825917,
                9.50879918e-06,
                3.78431118e-08,
                -3.973814737179586,
                0.00543297522,
                0.0,
                0.0,
                -9.01182507
            ],
            [
                13.3011695,
                7.41465106e-06,
                6.98793988e-08,
                -4.017134207179586,
                0.00260087703,
                0.0,
                0.0,
                -9.22420068
            ],
            [
                13.7764219,
                8.3953664e-06,
                8.1431106e-08,
                -4.122006707179587,
                0.00326989173,
                0.0,
                0.0,
                -9.06487205
            ],
            [
                14.3223853,
                7.64374713e-06,
                8.75371628e-08,
                -4.298769757179587,
                0.00275807289,
                0.0,
                0.0,
                -9.1197989
            ],
            [
                14.7976377,
                6.95540413e-06,
                6.2665554e-08,
                -4.4197321471795865,
                0.00857616414,
                0.0,
                0.0,
                -9.18152407
            ],
            [
                15.2728902,
                5.15043605e-06,
                2.17621526e-08,
                -4.372369377179586,
                0.00271385747,
                0.0,
                0.0,
                -9.4503498
            ],
            [
                15.7481426,
                4.16026581e-06,
                1.75076227e-08,
                -4.522437147179586,
                0.00891325686,
                0.0,
                0.0,
                -9.63320916
            ]
        ]
    }
}