{
    "filename": "c:\\Users\\soeda\\TWA_analyzer\\data_raw\\0213_R7\\step_zm1_R7.txt",
    "samplename": null,
    "thickness_um": 26.5,
    "alpha_phase": 1.1039759881943196e-07,
    "r2_phase": 0.9810508787221893,
    "slope_phase": -0.14136470673098034,
    "intercept_phase": -2.21917947871495,
    "alpha_amp": 1.106850438854131e-07,
    "r2_amp": 0.9673643211779579,
    "slope_amp": -0.14118102787981143,
    "intercept_amp": -7.190337140102124,
    "alpha_ratio": 0.9974030360752378,
    "x_position": null,
    "y_position": null,
    "z_position": -1.0,
    "used_indices": [
        2,
        3,
        4,
        5,
        6,
        7,
        8,
        9,
        10,
        11,
        12,
        13,
        14,
        15,
        16,
        17,
        18
    ],
    "freq_range_min": 7.41648866,
    "freq_range_max": 15.2728902,
    "kd_min": 1.0484297443945412,
    "kd_max": 2.1590476440574635
}