{
    "metadata": {
        "試料厚": 26.5,
        "熱拡散率(位相)": 1.12233354e-07,
        "熱拡散率(振幅)": 1.03237352e-07,
        "ヒーター印加電圧": 1.5,
        "切片": 0.855519766,
        "Y position": 0.0,
        "z_pos": -2.0
    },
    "filepath": "c:\\Users\\soeda\\TWA_analyzer\\data_raw\\0213_R5\\step_zm2_R5.txt",
    "dataframe": {
        "index": [
            0,
            1,
            2,
            3,
            4,
            5,
            6,
            7,
            8,
            9,
            10,
            11,
            12,
            13,
            14,
            15,
            16,
            17,
            18,
            19
        ],
        "columns": [
            "sqrt_TW_freq",
            "amp",
            "amp_sigma",
            "theta",
            "theta_sigma",
            "DCV",
            "DCV_sigma",
            "decay_ratio"
        ],
        "data": [
            [
                6.32455532,
                1.67799196e-05,
                1.49826912e-08,
                0.0315138648,
                0.00454008537,
                0.0,
                0.0,
                -9.15088792
            ],
            [
                6.79980777,
                1.40989538e-05,
                1.542514e-07,
                0.0411097075,
                0.00618958746,
                0.0,
                0.0,
                -9.25251562
            ],
            [
                7.41648866,
                1.1404413e-05,
                5.92300887e-08,
                -0.111949846,
                0.00478348774,
                0.0,
                0.0,
                -9.37780445
            ],
            [
                7.89174111,
                9.99526457e-06,
                6.48020357e-08,
                -0.182331725,
                0.00346714484,
                0.0,
                0.0,
                -9.44758234
            ],
            [
                8.36699356,
                8.44902282e-06,
                9.11103594e-08,
                -0.33210765,
                0.00257435293,
                0.0,
                0.0,
                -9.55716514
            ],
            [
                8.84224602,
                7.71028127e-06,
                2.00608448e-08,
                -0.352139313,
                0.0040362008,
                0.0,
                0.0,
                -9.59341497
            ],
            [
                9.31749847,
                6.37756433e-06,
                4.29201533e-08,
                -0.421660054,
                0.000970428998,
                0.0,
                0.0,
                -9.73083011
            ],
            [
                9.79275092,
                6.07709648e-06,
                5.99501784e-08,
                -0.556706373,
                0.0018235256,
                0.0,
                0.0,
                -9.72934112
            ],
            [
                10.3680046,
                5.07597242e-06,
                3.52463277e-08,
                -0.681654021,
                0.00396709526,
                0.0,
                0.0,
                -9.85226786
            ],
            [
                10.8432571,
                4.68833645e-06,
                5.65606802e-08,
                -0.774945321,
                0.00420612833,
                0.0,
                0.0,
                -9.88688932
            ],
            [
                11.3185095,
                4.45390012e-06,
                1.54787868e-08,
                -0.841927179,
                0.0116590171,
                0.0,
                0.0,
                -9.89529102
            ],
            [
                11.793762,
                3.44367122e-06,
                1.88637143e-08,
                -0.84930474,
                0.00466346622,
                0.0,
                0.0,
                -10.1114017
            ],
            [
                12.3506645,
                2.97123126e-06,
                2.81542843e-08,
                -1.08310175,
                0.0042974738,
                0.0,
                0.0,
                -10.2128243
            ],
            [
                12.825917,
                2.55505474e-06,
                5.79908156e-09,
                -0.965851541,
                0.0343793199,
                0.0,
                0.0,
                -10.325969
            ],
            [
                13.3011695,
                3.06314645e-06,
                3.79435198e-09,
                -1.08032623,
                0.0186485462,
                0.0,
                0.0,
                -10.108216
            ],
            [
                13.7764219,
                2.44502278e-06,
                2.951182e-08,
                -1.26103443,
                0.00252185674,
                0.0,
                0.0,
                -10.2984975
            ],
            [
                14.3223853,
                1.54625645e-06,
                3.1340858e-08,
                -1.16247915,
                0.0111580414,
                0.0,
                0.0,
                -10.71785
            ],
            [
                14.7976377,
                1.80472738e-06,
                9.98542812e-09,
                -1.31203869,
                0.0078663199,
                0.0,
                0.0,
                -10.5306335
            ],
            [
                15.2728902,
                2.29862555e-06,
                1.97584689e-08,
                -1.17993057,
                0.0160919422,
                0.0,
                0.0,
                -10.2571198
            ],
            [
                15.7481426,
                1.78883428e-06,
                1.5465345e-08,
                -0.863797455,
                0.0216091772,
                0.0,
                0.0,
                -10.477224
            ]
        ]
    }
}