{
    "filename": "c:\\Users\\soeda\\TWA_analyzer\\data_raw\\0213_R5\\step_zm2_R5.txt",
    "samplename": null,
    "thickness_um": 26.5,
    "alpha_phase": 8.154750324315515e-08,
    "r2_phase": 0.9700534908203202,
    "slope_phase": -0.16448090085566677,
    "intercept_phase": 1.0716800868617318,
    "alpha_amp": 8.373512457769238e-08,
    "r2_amp": 0.9297887211429997,
    "slope_amp": -0.16231810913187208,
    "intercept_amp": -8.16427586649635,
    "alpha_ratio": 0.9738745079132536,
    "x_position": null,
    "y_position": null,
    "z_position": -2.0,
    "used_indices": [
        2,
        3,
        4,
        5,
        6,
        7,
        8,
        9,
        10,
        11,
        12,
        13,
        14,
        15,
        16
    ],
    "freq_range_min": 7.41648866,
    "freq_range_max": 14.3223853,
    "kd_min": 1.2198707359826368,
    "kd_max": 2.3557588365459594
}