{
    "z_position_um_mean": -1.1000000000000003,
    "convergence_settings": {
        "average_count": 30,
        "duration_used_sec": 30.0
    },
    "results": {
        "R_V": {
            "mean": 8.022941392480002e-06,
            "std": 1.9956417197858514e-07
        },
        "Theta_deg": {
            "mean": -27.944841066966664,
            "std": 0.7528619800654849
        },
        "Frequency_Hz": {
            "mean": 31.99976793933333
        }
    },
    "timestamp": "2026-02-12T18:54:39.414791"
}