{
    "z_position_um_mean": -4.5,
    "convergence_settings": {
        "average_count": 30,
        "duration_used_sec": 30.0
    },
    "results": {
        "R_V": {
            "mean": 1.0188070852193334e-05,
            "std": 1.0971889015587053e-07
        },
        "Theta_deg": {
            "mean": -15.934471893233336,
            "std": 0.5329715985634609
        },
        "Frequency_Hz": {
            "mean": 31.999719238333334
        }
    },
    "timestamp": "2026-02-12T22:26:27.467504"
}