{
    "z_position_um_mean": -1.8999999999999995,
    "convergence_settings": {
        "average_count": 30,
        "duration_used_sec": 30.0
    },
    "results": {
        "R_V": {
            "mean": 8.989785965246668e-06,
            "std": 5.989385169490266e-08
        },
        "Theta_deg": {
            "mean": -24.169673919733338,
            "std": 0.44331506831274
        },
        "Frequency_Hz": {
            "mean": 31.999910036766668
        }
    },
    "timestamp": "2026-02-12T19:05:20.683142"
}