{
    "z_position_um_mean": -4.599999999999999,
    "convergence_settings": {
        "average_count": 30,
        "duration_used_sec": 30.0
    },
    "results": {
        "R_V": {
            "mean": 1.0961017445366666e-05,
            "std": 2.4547114244862994e-07
        },
        "Theta_deg": {
            "mean": -15.4489745458,
            "std": 2.0099223093103644
        },
        "Frequency_Hz": {
            "mean": 31.999963696800002
        }
    },
    "timestamp": "2026-02-12T22:27:32.545928"
}