{
    "z_position_um_mean": -4.200000000000001,
    "convergence_settings": {
        "average_count": 30,
        "duration_used_sec": 30.0
    },
    "results": {
        "R_V": {
            "mean": 1.0660361688999996e-05,
            "std": 2.0990052198782727e-07
        },
        "Theta_deg": {
            "mean": -14.015728982266666,
            "std": 0.21219053493422443
        },
        "Frequency_Hz": {
            "mean": 31.9998376847
        }
    },
    "timestamp": "2026-02-12T22:23:12.555334"
}