{
    "metadata": {
        "試料厚": 26.5,
        "熱拡散率(位相)": 1.10260925e-07,
        "熱拡散率(振幅)": 1.24148998e-07,
        "ヒーター印加電圧": 1.5,
        "切片": -2.18911327,
        "Y position": 0.0,
        "z_position": 0.0
    },
    "filepath": "d:\\0209\\step_z0_R3.txt",
    "dataframe": {
        "index": [
            0,
            1,
            2,
            3,
            4,
            5,
            6,
            7,
            8,
            9
        ],
        "columns": [
            "sqrt_TW_freq",
            "amp",
            "amp_sigma",
            "theta",
            "theta_sigma",
            "DCV",
            "DCV_sigma",
            "decay_ratio"
        ],
        "data": [
            [
                6.32455532,
                6.93128509e-05,
                2.83079798e-08,
                -3.0558286,
                0.000636803848,
                0.0,
                0.0,
                -7.7324405
            ],
            [
                7.63055945,
                4.79197258e-05,
                5.48194515e-08,
                -3.269928367179586,
                0.000554755828,
                0.0,
                0.0,
                -7.91382216
            ],
            [
                8.79513514,
                3.55095366e-05,
                5.01531106e-09,
                -3.447898517179586,
                0.00215052312,
                0.0,
                0.0,
                -8.07151052
            ],
            [
                10.0597121,
                2.64591994e-05,
                7.81867735e-09,
                -3.6213006271795862,
                0.00187365625,
                0.0,
                0.0,
                -8.23136811
            ],
            [
                11.2242878,
                2.07260658e-05,
                1.72485995e-08,
                -3.8111374171795864,
                0.00399227257,
                0.0,
                0.0,
                -8.36603845
            ],
            [
                12.4705136,
                1.51671827e-05,
                1.69117374e-08,
                -3.947250667179586,
                0.00133212472,
                0.0,
                0.0,
                -8.57300955
            ],
            [
                13.6350893,
                1.13110187e-05,
                6.86969308e-09,
                -4.131954477179587,
                0.00961645704,
                0.0,
                0.0,
                -8.77708664
            ],
            [
                14.8703759,
                9.34863851e-06,
                1.41458107e-08,
                -4.223409787179586,
                0.00701819509,
                0.0,
                0.0,
                -8.8809088
            ],
            [
                16.0981973,
                6.97823453e-06,
                3.64866032e-08,
                -4.496617177179586,
                0.00333849683,
                0.0,
                0.0,
                -9.09400731
            ],
            [
                17.262773,
                6.3227168e-06,
                4.38654452e-08,
                -4.629684587179586,
                0.0155467247,
                0.0,
                0.0,
                -9.12280924
            ]
        ]
    }
}