{
    "metadata": {},
    "filepath": "c:\\Users\\soeda\\TWA_analyzer\\data_raw\\z_freq_sweep_test0422_20260422_210553\\data_1_pos_freq_summary\\x0,y0,zm1p2.csv",
    "dataframe": {
        "index": [
            0,
            1,
            2,
            3,
            4,
            5,
            6,
            7,
            8,
            9
        ],
        "columns": [
            "sqrt_TW_freq",
            "theta",
            "theta_sigma",
            "amp",
            "amp_sigma"
        ],
        "data": [
            [
                8.485251082470446,
                2.8850421134791406,
                0.2788889114524647,
                2.8750272768600144e-05,
                9.214436171361394e-06
            ],
            [
                11.313711331285884,
                2.6852081252286264,
                0.1174752781567428,
                2.154103782835e-05,
                5.655774559079742e-06
            ],
            [
                14.352706265960755,
                2.343462063431463,
                0.1219406734625078,
                1.0930719080337284e-05,
                2.950443735422338e-06
            ],
            [
                16.970625313002856,
                2.096483250024303,
                0.0675088348035641,
                6.453313153541667e-06,
                1.072219400671313e-06
            ],
            [
                19.798919548054467,
                1.816774823941883,
                0.0964567673722564,
                3.8043420962216655e-06,
                7.657644870520418e-07
            ],
            [
                22.627291804629056,
                1.483536946392188,
                0.1158737038497515,
                2.28769019941e-06,
                5.149210069988088e-07
            ],
            [
                25.45571027145972,
                1.4105246317436375,
                0.1169747870052771,
                1.477922743711667e-06,
                2.259316858496593e-07
            ],
            [
                28.390009585180955,
                0.920281620547732,
                0.1872261725503403,
                9.467158851848334e-07,
                1.419033636476987e-07
            ],
            [
                31.112628946341257,
                0.6316863727354842,
                0.103850034018548,
                4.911326749284745e-07,
                1.2396086717756026e-07
            ],
            [
                33.940949666120055,
                0.4971268493632498,
                0.2687410157086154,
                8.966178563177779e-07,
                2.254642769125144e-06
            ]
        ]
    }
}