{
    "filename": "c:\\Users\\soeda\\TWA_analyzer\\data_raw\\z_freq_sweep_test0422_20260422_210553\\data_1_pos_freq_summary\\x0,y0,zm1p2.csv",
    "samplename": null,
    "thickness_um": 50.0,
    "alpha_phase": 8.122522955752128e-07,
    "r2_phase": 0.9868674137985595,
    "slope_phase": -0.0983330402810776,
    "intercept_phase": 3.7736590298304336,
    "alpha_amp": 4.705922229544361e-07,
    "r2_amp": 0.9979448074692329,
    "slope_amp": -0.12918811690122878,
    "intercept_amp": -6.904041157785046,
    "alpha_ratio": 0.5793670581394624,
    "x_position": null,
    "y_position": null,
    "z_position": null,
    "used_indices": [
        1,
        2,
        3,
        4,
        5,
        6,
        7
    ],
    "freq_range_min": 11.313711331285884,
    "freq_range_max": 28.390009585180955,
    "kd_min": 1.1125116320678188,
    "kd_max": 2.791675956119778
}