{
    "filename": "c:\\Users\\soeda\\TWA_analyzer\\output\\z_sweep_test_0422_2105\\pos_sammarized\\x0,y0,zm1p2.csv",
    "samplename": null,
    "thickness_um": 50.0,
    "alpha_phase": 8.119085167290722e-07,
    "r2_phase": 0.9915796699075305,
    "slope_phase": -0.09835385619861725,
    "intercept_phase": 3.771732029413114,
    "alpha_amp": 6.359549475654383e-07,
    "r2_amp": 0.9061252832465237,
    "slope_amp": -0.11113011544317793,
    "intercept_amp": -7.232916269990948,
    "alpha_ratio": 0.7832839962407387,
    "x_position": 0.0,
    "y_position": 0.0,
    "z_position": -1.2,
    "used_indices": [
        1,
        2,
        3,
        4,
        5,
        6,
        7,
        8,
        9
    ],
    "freq_range_min": 11.313711331285884,
    "freq_range_max": 33.940949666120055,
    "kd_min": 1.1127471373499582,
    "kd_max": 3.3382232827060787
}