{
    "filename": "c:\\Users\\soeda\\TWA_analyzer\\data_raw\\0212\\step_zm4_R15.txt",
    "samplename": null,
    "thickness_um": 26.5,
    "alpha_phase": 1.0024599700218684e-07,
    "r2_phase": 0.9381771283913614,
    "slope_phase": -0.14834991114620427,
    "intercept_phase": 0.9184121420761492,
    "alpha_amp": 9.809482818372112e-08,
    "r2_amp": 0.9710329116497656,
    "slope_amp": -0.14996770827246703,
    "intercept_amp": -8.215029278442653,
    "alpha_ratio": 0.978541100065883,
    "x_position": null,
    "y_position": null,
    "z_position": -4.0,
    "used_indices": [
        2,
        3,
        4,
        5,
        6,
        7,
        8,
        9,
        10,
        11,
        12
    ],
    "freq_range_min": 7.41648866,
    "freq_range_max": 12.3506645,
    "kd_min": 1.1002354337278315,
    "kd_max": 1.8322199811715794
}