{
    "metadata": {
        "x_pos": 0.0,
        "y_pos": 0.0,
        "z_pos": -4.8
    },
    "filepath": "c:\\Users\\soeda\\TWA_analyzer\\output\\z_sweep_test_0422_2105\\pos_sammarized\\x0,y0,zm4p8.csv",
    "dataframe": {
        "index": [
            0,
            1,
            2,
            3,
            4,
            5,
            6,
            7,
            8,
            9
        ],
        "columns": [
            "sqrt_TW_freq",
            "theta",
            "theta_sigma",
            "amp",
            "amp_sigma"
        ],
        "data": [
            [
                8.485250129319633,
                3.0063111995138843,
                0.1796527947412979,
                4.6556902834349056e-05,
                1.0642091239947344e-05
            ],
            [
                11.313672370617184,
                2.784280345221785,
                0.1196955546327993,
                3.27414807847e-05,
                7.710054975830946e-06
            ],
            [
                14.352604889864985,
                2.457635800689658,
                0.1287660388569945,
                1.8004305753016945e-05,
                4.20533358173006e-06
            ],
            [
                16.970446376728276,
                2.175497095102332,
                0.0961960970401105,
                1.0389766832906556e-05,
                1.9007804987158492e-06
            ],
            [
                19.798986986421163,
                1.9359811851900244,
                0.1135662311958452,
                6.502802272616948e-06,
                1.3531591538231737e-06
            ],
            [
                22.62734334762553,
                1.5572700188311297,
                0.1168476546893009,
                3.96408676124e-06,
                6.558962217709475e-07
            ],
            [
                25.455528764910124,
                1.3474969127216845,
                0.1136270408084408,
                2.500516859518333e-06,
                3.80212316449236e-07
            ],
            [
                28.390028378704848,
                1.1226022290967494,
                0.0769277920630443,
                1.60795621961e-06,
                3.311694278126174e-07
            ],
            [
                31.112588367197397,
                0.8892391238508377,
                0.1711727512443949,
                1.0477483613163333e-06,
                1.948364190093297e-07
            ],
            [
                33.94106969261623,
                0.6466955278615718,
                0.156649664033847,
                1.8499250700209672e-06,
                6.312665508284492e-06
            ]
        ]
    }
}