{
    "filename": "c:\\Users\\soeda\\TWA_analyzer\\output\\z_sweep_test_0422_2105\\pos_sammarized\\x0,y0,zm4p8.csv",
    "samplename": null,
    "thickness_um": 50.0,
    "alpha_phase": 8.849073766991865e-07,
    "r2_phase": 0.9952071004932384,
    "slope_phase": -0.0942097894000386,
    "intercept_phase": 3.792437851451878,
    "alpha_amp": 8.053206974010522e-07,
    "r2_amp": 0.8784684080362725,
    "slope_amp": -0.0987553221845628,
    "intercept_amp": -6.955887312539531,
    "alpha_ratio": 0.9100621360000383,
    "x_position": 0.0,
    "y_position": 0.0,
    "z_position": -4.8,
    "used_indices": [
        1,
        2,
        3,
        4,
        5,
        6,
        7,
        8,
        9
    ],
    "freq_range_min": 11.313672370617184,
    "freq_range_max": 33.94106969261623,
    "kd_min": 1.0658586913768804,
    "kd_max": 3.197581027753408
}