{
    "filename": "c:\\Users\\soeda\\TWA_analyzer\\data_raw\\z_freq_sweep_test0422_20260422_210553\\data_1_pos_freq_summary\\x0,y0,zm4p8.csv",
    "samplename": null,
    "thickness_um": 50.0,
    "alpha_phase": 9.280090581673161e-07,
    "r2_phase": 0.9946877570393949,
    "slope_phase": -0.09199597637116066,
    "intercept_phase": 3.7319142066085425,
    "alpha_amp": 9.250285416081007e-07,
    "r2_amp": 0.82567497297374,
    "slope_amp": -0.09214406640499165,
    "intercept_amp": -7.1366330627685,
    "alpha_ratio": 0.9967882678159398,
    "x_position": null,
    "y_position": null,
    "z_position": null,
    "used_indices": [
        2,
        3,
        4,
        5,
        6,
        7,
        8,
        9
    ],
    "freq_range_min": 14.352604889864985,
    "freq_range_max": 33.94106969261623,
    "kd_min": 1.3203819003126243,
    "kd_max": 3.12244184545384
}