{
    "metadata": {
        "試料厚": 26.5,
        "熱拡散率(位相)": 1.01208682e-07,
        "熱拡散率(振幅)": 1.11906448e-07,
        "ヒーター印加電圧": 1.5,
        "切片": 0.947140402,
        "Y position": 0.0,
        "z_pos": -3.0
    },
    "filepath": "c:\\Users\\soeda\\TWA_analyzer\\data_raw\\0213_R5\\step_zm3_R5.txt",
    "dataframe": {
        "index": [
            0,
            1,
            2,
            3,
            4,
            5,
            6,
            7,
            8,
            9,
            10,
            11,
            12,
            13,
            14,
            15,
            16,
            17,
            18,
            19
        ],
        "columns": [
            "sqrt_TW_freq",
            "amp",
            "amp_sigma",
            "theta",
            "theta_sigma",
            "DCV",
            "DCV_sigma",
            "decay_ratio"
        ],
        "data": [
            [
                6.32455532,
                1.57222639e-05,
                3.34925076e-08,
                0.009864785,
                0.000892774949,
                0.0,
                0.0,
                -9.21599304
            ],
            [
                6.79980777,
                1.41895327e-05,
                7.5408351e-08,
                -0.0204318398,
                0.00801415138,
                0.0,
                0.0,
                -9.24611165
            ],
            [
                7.41648866,
                1.11618473e-05,
                5.87705539e-08,
                -0.205220724,
                0.00362065087,
                0.0,
                0.0,
                -9.39930337
            ],
            [
                7.89174111,
                9.7979327e-06,
                5.99512537e-08,
                -0.153210155,
                0.00101780175,
                0.0,
                0.0,
                -9.46752236
            ],
            [
                8.36699356,
                9.70607249e-06,
                5.33348389e-08,
                -0.3174632,
                0.00176356903,
                0.0,
                0.0,
                -9.41846421
            ],
            [
                8.84224602,
                8.12979625e-06,
                5.25494796e-09,
                -0.310724241,
                0.000476940801,
                0.0,
                0.0,
                -9.54043378
            ],
            [
                9.31749847,
                6.56784724e-06,
                5.97339581e-08,
                -0.457579127,
                0.00872776919,
                0.0,
                0.0,
                -9.70143026
            ],
            [
                9.79275092,
                5.92670147e-06,
                2.84124555e-08,
                -0.59677444,
                0.00470302283,
                0.0,
                0.0,
                -9.75440033
            ],
            [
                10.3680046,
                5.48289345e-06,
                5.07229547e-08,
                -0.537742385,
                0.00282940832,
                0.0,
                0.0,
                -9.77515301
            ],
            [
                10.8432571,
                4.70034483e-06,
                4.49018412e-08,
                -0.744708623,
                0.001282954,
                0.0,
                0.0,
                -9.88433126
            ],
            [
                11.3185095,
                4.48105996e-06,
                8.06922278e-09,
                -0.721425329,
                0.00200238084,
                0.0,
                0.0,
                -9.88921154
            ],
            [
                11.793762,
                3.97759963e-06,
                3.07308049e-08,
                -0.875993455,
                0.00154148426,
                0.0,
                0.0,
                -9.96726128
            ],
            [
                12.3506645,
                3.15707208e-06,
                8.39787093e-09,
                -0.79270452,
                0.00431229153,
                0.0,
                0.0,
                -10.1521556
            ],
            [
                12.825917,
                2.89073816e-06,
                1.64277567e-08,
                -0.911434191,
                0.0109535921,
                0.0,
                0.0,
                -10.2025308
            ],
            [
                13.3011695,
                3.01513823e-06,
                5.8804888e-08,
                -0.794128737,
                0.0144541994,
                0.0,
                0.0,
                -10.1240129
            ],
            [
                13.7764219,
                1.94177928e-06,
                5.60412055e-09,
                -1.20677851,
                0.0051408725,
                0.0,
                0.0,
                -10.5289473
            ],
            [
                14.3223853,
                1.41506134e-06,
                2.56248092e-08,
                -1.17052491,
                0.0275429192,
                0.0,
                0.0,
                -10.806514
            ],
            [
                14.7976377,
                2.14410859e-06,
                2.1812941e-08,
                -0.942942536,
                0.022341365,
                0.0,
                0.0,
                -10.3583191
            ],
            [
                15.2728902,
                2.27906092e-06,
                4.28785798e-08,
                -1.56917299,
                0.0057143341,
                0.0,
                0.0,
                -10.2656677
            ],
            [
                15.7481426,
                2.2293376e-06,
                4.98577988e-08,
                -1.43664624,
                0.0133520208,
                0.0,
                0.0,
                -10.2570836
            ]
        ]
    }
}