{
    "filename": "c:\\Users\\soeda\\TWA_analyzer\\data_raw\\0213_R5\\step_zm3_R5.txt",
    "samplename": null,
    "thickness_um": 26.5,
    "alpha_phase": 1.0724648906536109e-07,
    "r2_phase": 0.9411545290265401,
    "slope_phase": -0.1434264563846474,
    "intercept_phase": 0.89566296082075,
    "alpha_amp": 9.816530487309746e-08,
    "r2_amp": 0.9681439296305943,
    "slope_amp": -0.14991386478213098,
    "intercept_amp": -8.249454682789676,
    "alpha_ratio": 0.9153241819717834,
    "x_position": null,
    "y_position": null,
    "z_position": -3.0,
    "used_indices": [
        2,
        3,
        4,
        5,
        6,
        7,
        8,
        9,
        10,
        11,
        12,
        13
    ],
    "freq_range_min": 7.41648866,
    "freq_range_max": 12.825917,
    "kd_min": 1.0637206873207221,
    "kd_max": 1.8395758251936078
}