{
    "metadata": {
        "x_pos": 0.0,
        "y_pos": 0.0,
        "z_pos": -5.7
    },
    "filepath": "c:\\Users\\soeda\\TWA_analyzer\\output\\z_sweep_test_0422_2105\\pos_sammarized\\x0,y0,zm5p7.csv",
    "dataframe": {
        "index": [
            0,
            1,
            2,
            3,
            4,
            5,
            6,
            7,
            8,
            9
        ],
        "columns": [
            "sqrt_TW_freq",
            "theta",
            "theta_sigma",
            "amp",
            "amp_sigma"
        ],
        "data": [
            [
                8.485253630951627,
                3.0584819338924008,
                0.237217845693461,
                4.942194811153319e-05,
                1.5287030447395664e-05
            ],
            [
                11.313654185606875,
                2.847927055495435,
                0.1202873307517336,
                3.895079480575e-05,
                8.800796985595618e-06
            ],
            [
                14.352640355233133,
                2.5143030982601084,
                0.1288573131913972,
                2.13106392342e-05,
                4.802801797625287e-06
            ],
            [
                16.970408691277388,
                2.2405376433577247,
                0.0851358684737154,
                1.2691883858983052e-05,
                2.208626918938113e-06
            ],
            [
                19.798980303886022,
                1.9623665668362036,
                0.1157074343845446,
                7.835068777248332e-06,
                1.3041356122128447e-06
            ],
            [
                22.627517723088115,
                1.6637779105758876,
                0.1115611029941031,
                4.918267184923334e-06,
                9.574008407584515e-07
            ],
            [
                25.45584889810853,
                1.4192741883680575,
                0.0742933459375201,
                3.253591163838333e-06,
                4.957640301255267e-07
            ],
            [
                28.390095598224622,
                1.1590093367412688,
                0.0680777390751069,
                2.051888996375e-06,
                3.4494082336748973e-07
            ],
            [
                31.112706480755847,
                0.963268737265224,
                0.0884381156622038,
                1.4173361175083337e-06,
                2.443623799811028e-07
            ],
            [
                33.940845372405626,
                0.5219743918972407,
                0.1624293713633554,
                2.3735136756645164e-06,
                6.648984493973713e-06
            ]
        ]
    }
}