{
    "metadata": {
        "試料厚": 26.5,
        "熱拡散率(位相)": 9.65344477e-08,
        "熱拡散率(振幅)": 9.79308457e-08,
        "ヒーター印加電圧": 1.5,
        "切片": -2.17030043,
        "Y position": 0.0
    },
    "filepath": "c:\\Users\\soeda\\TWA_analyzer\\data_raw\\0214_R1.5\\step_zm3_R1.5.txt",
    "dataframe": {
        "index": [
            0,
            1,
            2,
            3,
            4,
            5,
            6,
            7,
            8,
            9,
            10,
            11,
            12,
            13,
            14,
            15,
            16,
            17,
            18,
            19
        ],
        "columns": [
            "sqrt_TW_freq",
            "amp",
            "amp_sigma",
            "theta",
            "theta_sigma",
            "DCV",
            "DCV_sigma",
            "decay_ratio"
        ],
        "data": [
            [
                6.32455532,
                4.29141997e-05,
                7.24916973e-08,
                -3.07231976,
                0.000585462659,
                0.0,
                0.0,
                -8.21186807
            ],
            [
                6.79980777,
                3.73502322e-05,
                6.36362714e-08,
                -3.1919511971795864,
                0.00163916688,
                0.0,
                0.0,
                -8.27827709
            ],
            [
                7.41648866,
                3.07742339e-05,
                1.97739927e-08,
                -3.301928137179586,
                0.00135963597,
                0.0,
                0.0,
                -8.38512706
            ],
            [
                7.89174111,
                2.74595819e-05,
                1.72233597e-08,
                -3.3836543471795864,
                0.00137384601,
                0.0,
                0.0,
                -8.4369786
            ],
            [
                8.36699356,
                2.34399471e-05,
                2.45759844e-08,
                -3.4642956271795864,
                0.00440632114,
                0.0,
                0.0,
                -8.53677422
            ],
            [
                8.84224602,
                2.08173765e-05,
                3.48231074e-08,
                -3.493126367179586,
                0.00164563702,
                0.0,
                0.0,
                -8.60018159
            ],
            [
                9.31749847,
                1.86881159e-05,
                7.72844876e-09,
                -3.602856547179586,
                0.000676054553,
                0.0,
                0.0,
                -8.65572856
            ],
            [
                9.79275092,
                1.66602618e-05,
                2.12647044e-08,
                -3.6727543171795864,
                0.00584805906,
                0.0,
                0.0,
                -8.7208418
            ],
            [
                10.3680046,
                1.44313433e-05,
                4.6456772e-08,
                -3.7561822871795862,
                0.00834705856,
                0.0,
                0.0,
                -8.80738351
            ],
            [
                10.8432571,
                1.265348e-05,
                5.20971634e-08,
                -3.7994495171795863,
                0.00867861432,
                0.0,
                0.0,
                -8.89403486
            ],
            [
                11.3185095,
                1.12546824e-05,
                2.14603082e-08,
                -3.892824907179586,
                0.00254455525,
                0.0,
                0.0,
                -8.9682869
            ],
            [
                11.793762,
                1.023834e-05,
                5.03380608e-08,
                -3.953584637179586,
                0.00404265006,
                0.0,
                0.0,
                -9.02180032
            ],
            [
                12.3506645,
                8.95990804e-06,
                6.91720292e-08,
                -3.9610087471795863,
                0.0018459791,
                0.0,
                0.0,
                -9.10904072
            ],
            [
                12.825917,
                7.86184679e-06,
                1.86348593e-08,
                -4.129061757179587,
                0.00685014057,
                0.0,
                0.0,
                -9.20202113
            ],
            [
                13.3011695,
                6.83151371e-06,
                5.01510218e-08,
                -4.238213517179586,
                0.00476223148,
                0.0,
                0.0,
                -9.30611232
            ],
            [
                13.7764219,
                6.24792663e-06,
                1.85790904e-08,
                -4.192435247179587,
                0.000606534477,
                0.0,
                0.0,
                -9.36030232
            ],
            [
                14.3223853,
                5.67840534e-06,
                3.11137171e-08,
                -4.3260191171795865,
                0.00120597023,
                0.0,
                0.0,
                -9.4170164
            ],
            [
                14.7976377,
                5.19424839e-06,
                6.79333417e-09,
                -4.412662757179586,
                0.00551508317,
                0.0,
                0.0,
                -9.47349107
            ],
            [
                15.2728902,
                4.98540482e-06,
                3.09529301e-08,
                -4.484743867179587,
                0.00526191524,
                0.0,
                0.0,
                -9.48291658
            ],
            [
                15.7481426,
                4.05517461e-06,
                6.10340359e-08,
                -4.557765677179586,
                0.00217689738,
                0.0,
                0.0,
                -9.65879438
            ]
        ]
    }
}