{
    "filename": "c:\\Users\\soeda\\TWA_analyzer\\data_raw\\0214_R1.5\\step_zm3_R1.5.txt",
    "samplename": null,
    "thickness_um": 26.5,
    "alpha_phase": 1.0089810191020387e-07,
    "r2_phase": 0.9930470867042184,
    "slope_phase": -0.14786974096570818,
    "intercept_phase": -2.210902079156016,
    "alpha_amp": 1.0025980001745568e-07,
    "r2_amp": 0.9956868075937245,
    "slope_amp": -0.1483396989446522,
    "intercept_amp": -7.28282696950231,
    "alpha_ratio": 0.9936737968240844,
    "x_position": null,
    "y_position": null,
    "z_position": -3.0,
    "used_indices": [
        2,
        3,
        4,
        5,
        6,
        7,
        8,
        9,
        10,
        11,
        12,
        13,
        14,
        15,
        16,
        17,
        18
    ],
    "freq_range_min": 7.41648866,
    "freq_range_max": 15.2728902,
    "kd_min": 1.0966742570293122,
    "kd_max": 2.258398317671703
}