{
    "z_position_um_mean": -1.1000000000000003,
    "convergence_settings": {
        "average_count": 30,
        "duration_used_sec": 30.0
    },
    "results": {
        "R_V": {
            "mean": 1.5941620040366664e-05,
            "std": 1.3654224782339147e-07
        },
        "Theta_deg": {
            "mean": 151.9831003823333,
            "std": 0.48256266115145746
        },
        "Frequency_Hz": {
            "mean": 31.9996510188
        }
    },
    "timestamp": "2026-02-16T15:24:02.941894"
}