{
    "z_position_um_mean": 2.900000000000001,
    "convergence_settings": {
        "average_count": 30,
        "duration_used_sec": 30.0
    },
    "results": {
        "R_V": {
            "mean": 1.3406816136233334e-05,
            "std": 1.0117489488663673e-07
        },
        "Theta_deg": {
            "mean": 151.117683411,
            "std": 0.7624134157738599
        },
        "Frequency_Hz": {
            "mean": 31.99940331773333
        }
    },
    "timestamp": "2026-02-16T14:28:55.790693"
}