{
    "z_position_um_mean": -0.40000000000000013,
    "convergence_settings": {
        "average_count": 30,
        "duration_used_sec": 30.0
    },
    "results": {
        "R_V": {
            "mean": 1.53056145489e-05,
            "std": 6.065883179244718e-08
        },
        "Theta_deg": {
            "mean": 149.75337778733333,
            "std": 0.9768666264044664
        },
        "Frequency_Hz": {
            "mean": 31.999785613900006
        }
    },
    "timestamp": "2026-02-16T15:16:27.932701"
}