{
    "z_position_um_mean": -2.599999999999999,
    "convergence_settings": {
        "average_count": 30,
        "duration_used_sec": 30.0
    },
    "results": {
        "R_V": {
            "mean": 1.9202898814266667e-05,
            "std": 1.7851004531418803e-07
        },
        "Theta_deg": {
            "mean": 158.51910247766668,
            "std": 0.5437891625518169
        },
        "Frequency_Hz": {
            "mean": 31.99981371566667
        }
    },
    "timestamp": "2026-02-16T15:40:17.991992"
}