{
    "z_position_um_mean": -0.30000000000000004,
    "convergence_settings": {
        "average_count": 30,
        "duration_used_sec": 30.0
    },
    "results": {
        "R_V": {
            "mean": 1.4876197868233333e-05,
            "std": 6.328639879259574e-08
        },
        "Theta_deg": {
            "mean": 148.26711069766668,
            "std": 0.4729900869386628
        },
        "Frequency_Hz": {
            "mean": 31.999717330933336
        }
    },
    "timestamp": "2026-02-16T15:15:22.957452"
}