{
    "z_position_um_mean": -4.800000000000001,
    "convergence_settings": {
        "average_count": 30,
        "duration_used_sec": 30.0
    },
    "results": {
        "R_V": {
            "mean": 2.334153456713333e-05,
            "std": 3.1479553377745357e-07
        },
        "Theta_deg": {
            "mean": 165.11951751700002,
            "std": 0.21384384625628433
        },
        "Frequency_Hz": {
            "mean": 32.000047111499995
        }
    },
    "timestamp": "2026-02-16T16:44:18.700250"
}