{
    "z_position_um_mean": -0.8000000000000003,
    "convergence_settings": {
        "average_count": 30,
        "duration_used_sec": 30.0
    },
    "results": {
        "R_V": {
            "mean": 1.5041051422833336e-05,
            "std": 8.12081513757491e-08
        },
        "Theta_deg": {
            "mean": 151.50710347533337,
            "std": 0.6454363100700118
        },
        "Frequency_Hz": {
            "mean": 31.999735577999996
        }
    },
    "timestamp": "2026-02-16T15:20:47.962036"
}