{
    "z_position_um_mean": -1.8999999999999995,
    "convergence_settings": {
        "average_count": 30,
        "duration_used_sec": 30.0
    },
    "results": {
        "R_V": {
            "mean": 1.7442290663933335e-05,
            "std": 2.493058258187441e-07
        },
        "Theta_deg": {
            "mean": 155.766322835,
            "std": 0.15586763296531705
        },
        "Frequency_Hz": {
            "mean": 31.999043846133336
        }
    },
    "timestamp": "2026-02-16T15:32:42.957027"
}