{
    "z_position_um_mean": -4.599999999999999,
    "convergence_settings": {
        "average_count": 30,
        "duration_used_sec": 30.0
    },
    "results": {
        "R_V": {
            "mean": 2.3171256664966667e-05,
            "std": 1.4306306222750196e-07
        },
        "Theta_deg": {
            "mean": 165.24788767533332,
            "std": 0.5921068710336806
        },
        "Frequency_Hz": {
            "mean": 31.999968338033334
        }
    },
    "timestamp": "2026-02-16T16:42:08.699160"
}