{
    "z_position_um_mean": -3.299999999999999,
    "convergence_settings": {
        "average_count": 30,
        "duration_used_sec": 30.0
    },
    "results": {
        "R_V": {
            "mean": 2.1983321372933337e-05,
            "std": 9.998282927593922e-08
        },
        "Theta_deg": {
            "mean": 166.037674459,
            "std": 0.19113662535212048
        },
        "Frequency_Hz": {
            "mean": 32.0004602433
        }
    },
    "timestamp": "2026-02-16T15:47:52.976273"
}