{
    "z_position_um_mean": -5.699999999999998,
    "convergence_settings": {
        "average_count": 30,
        "duration_used_sec": 30.0
    },
    "results": {
        "R_V": {
            "mean": 2.35684223298e-05,
            "std": 1.0415437402336411e-07
        },
        "Theta_deg": {
            "mean": 165.424626669,
            "std": 0.14991030049633597
        },
        "Frequency_Hz": {
            "mean": 32.00024305986666
        }
    },
    "timestamp": "2026-02-16T16:54:03.757802"
}