{
    "filename": "c:\\Users\\soeda\\TWA_analyzer\\data_raw\\0212\\step_z0_R15.txt",
    "samplename": null,
    "thickness_um": 26.5,
    "alpha_phase": 8.118207485243044e-08,
    "r2_phase": 0.8594676681099866,
    "slope_phase": -0.1648506777023151,
    "intercept_phase": 0.7028120246405474,
    "alpha_amp": 9.075838885316573e-08,
    "r2_amp": 0.9057337796597938,
    "slope_amp": -0.15591123850819208,
    "intercept_amp": -8.934975772166226,
    "alpha_ratio": 0.894485632438579,
    "x_position": null,
    "y_position": null,
    "z_position": 0.0,
    "used_indices": [
        1,
        2,
        3,
        4,
        5,
        6,
        7,
        8,
        9,
        10,
        11,
        12,
        13
    ],
    "freq_range_min": 6.79980777,
    "freq_range_max": 12.825917,
    "kd_min": 1.1209529191299679,
    "kd_max": 2.1143611096036445
}