{
    "metadata": {
        "試料厚": 26.5,
        "熱拡散率(位相)": 1.03765543e-07,
        "熱拡散率(振幅)": 9.48487955e-08,
        "ヒーター印加電圧": 1.5,
        "切片": -2.23856383,
        "Y position": 0.0
    },
    "filepath": "c:\\Users\\soeda\\TWA_analyzer\\data_raw\\0214_R1.5\\step_zm1_R1.5.txt",
    "dataframe": {
        "index": [
            0,
            1,
            2,
            3,
            4,
            5,
            6,
            7,
            8,
            9,
            10,
            11,
            12,
            13,
            14,
            15,
            16,
            17,
            18,
            19
        ],
        "columns": [
            "sqrt_TW_freq",
            "amp",
            "amp_sigma",
            "theta",
            "theta_sigma",
            "DCV",
            "DCV_sigma",
            "decay_ratio"
        ],
        "data": [
            [
                6.32455532,
                4.18964543e-05,
                7.4989268e-08,
                -3.10606794,
                0.00151447648,
                0.0,
                0.0,
                -8.23586963
            ],
            [
                6.79980777,
                3.57142814e-05,
                3.67789147e-08,
                -3.199225567179586,
                0.00304625034,
                0.0,
                0.0,
                -8.32306557
            ],
            [
                7.41648866,
                2.98772384e-05,
                3.63526728e-08,
                -3.3005871071795863,
                0.000736945464,
                0.0,
                0.0,
                -8.41470791
            ],
            [
                7.89174111,
                2.71533819e-05,
                3.43196369e-08,
                -3.397833457179586,
                0.0027472606,
                0.0,
                0.0,
                -8.44819217
            ],
            [
                8.36699356,
                2.26912732e-05,
                8.40271447e-08,
                -3.4423990071795862,
                0.000919593489,
                0.0,
                0.0,
                -8.56923552
            ],
            [
                8.84224602,
                2.08348052e-05,
                1.043932e-08,
                -3.5560667871795864,
                0.00334212651,
                0.0,
                0.0,
                -8.59934472
            ],
            [
                9.31749847,
                1.82331764e-05,
                2.59171474e-08,
                -3.630319627179586,
                0.000413277726,
                0.0,
                0.0,
                -8.68037356
            ],
            [
                9.79275092,
                1.62484917e-05,
                5.70105736e-08,
                -3.6699376471795864,
                0.00235372425,
                0.0,
                0.0,
                -8.74586806
            ],
            [
                10.3680046,
                1.38827088e-05,
                6.19463625e-08,
                -3.753203977179586,
                0.00566202637,
                0.0,
                0.0,
                -8.84614188
            ],
            [
                10.8432571,
                1.22929305e-05,
                5.51677476e-08,
                -3.8606011971795864,
                0.00211944597,
                0.0,
                0.0,
                -8.9229428
            ],
            [
                11.3185095,
                1.13891664e-05,
                1.90160707e-08,
                -3.9547135071795863,
                0.00337431197,
                0.0,
                0.0,
                -8.95640857
            ],
            [
                11.793762,
                9.37509045e-06,
                6.3902301e-08,
                -3.9730060471795863,
                0.000935738538,
                0.0,
                0.0,
                -9.10988359
            ],
            [
                12.3506645,
                8.91161524e-06,
                3.15956977e-08,
                -4.085856017179586,
                0.00635327768,
                0.0,
                0.0,
                -9.11444518
            ],
            [
                12.825917,
                7.43425316e-06,
                6.87775677e-08,
                -4.047770297179586,
                0.00266291124,
                0.0,
                0.0,
                -9.25794454
            ],
            [
                13.3011695,
                6.20837274e-06,
                2.20834187e-08,
                -4.224257017179586,
                0.00161941048,
                0.0,
                0.0,
                -9.40175978
            ],
            [
                13.7764219,
                6.52223274e-06,
                7.16734129e-08,
                -4.216167937179586,
                0.00860885044,
                0.0,
                0.0,
                -9.31733522
            ],
            [
                14.3223853,
                4.77749167e-06,
                5.14063971e-08,
                -4.265643637179586,
                0.00778500215,
                0.0,
                0.0,
                -9.58977119
            ],
            [
                14.7976377,
                5.1981557e-06,
                5.28531487e-09,
                -4.470764257179586,
                0.00455536124,
                0.0,
                0.0,
                -9.47273911
            ],
            [
                15.2728902,
                4.38238751e-06,
                3.76785053e-08,
                -4.456968257179586,
                0.00307767765,
                0.0,
                0.0,
                -9.61183752
            ],
            [
                15.7481426,
                4.34477218e-06,
                5.49405777e-09,
                -4.453065367179587,
                0.00187936251,
                0.0,
                0.0,
                -9.5898148
            ]
        ]
    }
}