{
    "filename": "c:\\Users\\soeda\\TWA_analyzer\\data_raw\\0214_R1.5\\step_zm1_R1.5.txt",
    "samplename": null,
    "thickness_um": 26.5,
    "alpha_phase": 1.03336874043985e-07,
    "r2_phase": 0.9859882941779167,
    "slope_phase": -0.1461144441699529,
    "intercept_phase": -2.246207392283988,
    "alpha_amp": 8.907072545601027e-08,
    "r2_amp": 0.9807298183645663,
    "slope_amp": -0.15738136782751075,
    "intercept_amp": -7.221210766897397,
    "alpha_ratio": 0.8619452279744557,
    "x_position": null,
    "y_position": null,
    "z_position": -1.0,
    "used_indices": [
        2,
        3,
        4,
        5,
        6,
        7,
        8,
        9,
        10,
        11,
        12,
        13,
        14,
        15,
        16,
        17
    ],
    "freq_range_min": 7.41648866,
    "freq_range_max": 14.7976377,
    "kd_min": 1.0836561182486586,
    "kd_max": 2.16214860756384
}