{
    "metadata": {
        "試料厚": 26.5,
        "熱拡散率(位相)": 9.71148781e-08,
        "熱拡散率(振幅)": 8.32065979e-08,
        "ヒーター印加電圧": 1.5,
        "切片": 0.951292202,
        "Y position": 0.0,
        "z_pos": 0.0
    },
    "filepath": "c:\\Users\\soeda\\TWA_analyzer\\data_raw\\0213_R5\\step_z0_R5.txt",
    "dataframe": {
        "index": [
            0,
            1,
            2,
            3,
            4,
            5,
            6,
            7,
            8,
            9,
            10,
            11,
            12,
            13,
            14,
            15,
            16,
            17,
            18,
            19
        ],
        "columns": [
            "sqrt_TW_freq",
            "amp",
            "amp_sigma",
            "theta",
            "theta_sigma",
            "DCV",
            "DCV_sigma",
            "decay_ratio"
        ],
        "data": [
            [
                6.32455532,
                1.48210695e-05,
                6.32302891e-08,
                0.0258982017,
                0.00275569661,
                0.0,
                0.0,
                -9.27502104
            ],
            [
                6.79980777,
                1.3412527e-05,
                3.03308736e-08,
                -0.0642749744,
                0.000994063026,
                0.0,
                0.0,
                -9.30242709
            ],
            [
                7.41648866,
                1.11066555e-05,
                3.36118717e-08,
                -0.110905064,
                0.0013821375,
                0.0,
                0.0,
                -9.40426032
            ],
            [
                7.89174111,
                9.45993857e-06,
                5.74783236e-09,
                -0.232301125,
                0.00293623426,
                0.0,
                0.0,
                -9.50262789
            ],
            [
                8.36699356,
                8.49488348e-06,
                2.93433759e-08,
                -0.364616079,
                0.00187932842,
                0.0,
                0.0,
                -9.55175189
            ],
            [
                8.84224602,
                7.39148656e-06,
                4.1663039e-08,
                -0.329630745,
                0.000759697506,
                0.0,
                0.0,
                -9.63564077
            ],
            [
                9.31749847,
                6.43183524e-06,
                3.56220217e-08,
                -0.465261315,
                0.00823977937,
                0.0,
                0.0,
                -9.72235645
            ],
            [
                9.79275092,
                6.39618276e-06,
                6.22828601e-09,
                -0.632355639,
                0.00223192594,
                0.0,
                0.0,
                -9.67816678
            ],
            [
                10.3680046,
                4.33904769e-06,
                2.44584918e-08,
                -0.565328889,
                0.00545798416,
                0.0,
                0.0,
                -10.0091311
            ],
            [
                10.8432571,
                4.63698296e-06,
                2.57726505e-08,
                -0.740182891,
                0.00144098735,
                0.0,
                0.0,
                -9.89790321
            ],
            [
                11.3185095,
                4.57664165e-06,
                5.33248754e-08,
                -0.849520622,
                0.00378295375,
                0.0,
                0.0,
                -9.8681057
            ],
            [
                11.793762,
                3.42667455e-06,
                3.42089237e-08,
                -0.782822979,
                0.0168977057,
                0.0,
                0.0,
                -10.1163495
            ],
            [
                12.3506645,
                3.21921681e-06,
                2.89590766e-09,
                -0.821518424,
                0.0322005462,
                0.0,
                0.0,
                -10.1326626
            ],
            [
                12.825917,
                3.18558734e-06,
                1.88023781e-08,
                -1.14439096,
                0.0198582377,
                0.0,
                0.0,
                -10.105406
            ],
            [
                13.3011695,
                3.00583857e-06,
                3.00143838e-08,
                -0.83526487,
                0.0167308259,
                0.0,
                0.0,
                -10.127102
            ],
            [
                13.7764219,
                2.12217997e-06,
                2.7559052e-08,
                -1.16007292,
                0.0223542633,
                0.0,
                0.0,
                -10.4401081
            ],
            [
                14.3223853,
                1.89944578e-06,
                2.17044469e-08,
                -1.14867506,
                0.0185966374,
                0.0,
                0.0,
                -10.5121247
            ],
            [
                14.7976377,
                1.34023237e-06,
                2.21028937e-08,
                -1.56934642,
                0.0558758807,
                0.0,
                0.0,
                -10.8282
            ],
            [
                15.2728902,
                1.96130365e-06,
                4.21285787e-08,
                -1.1563732,
                0.00277931524,
                0.0,
                0.0,
                -10.4158218
            ],
            [
                15.7481426,
                9.68650274e-07,
                2.77001273e-08,
                -1.40783866,
                0.0220400828,
                0.0,
                0.0,
                -11.0906398
            ]
        ]
    }
}