{
    "filename": "c:\\Users\\soeda\\TWA_analyzer\\data_raw\\0213_R5\\step_z0_R5.txt",
    "samplename": null,
    "thickness_um": 26.5,
    "alpha_phase": 1.0470360571476035e-07,
    "r2_phase": 0.9223729912432156,
    "slope_phase": -0.145157670948713,
    "intercept_phase": 0.8939540534878019,
    "alpha_amp": 1.0430342398398682e-07,
    "r2_amp": 0.9343017494154461,
    "slope_amp": -0.14543586812745618,
    "intercept_amp": -8.337754923925095,
    "alpha_ratio": 0.9961779565465613,
    "x_position": null,
    "y_position": null,
    "z_position": 0.0,
    "used_indices": [
        2,
        3,
        4,
        5,
        6,
        7,
        8,
        9,
        10,
        11,
        12,
        13,
        14,
        15,
        16
    ],
    "freq_range_min": 7.41648866,
    "freq_range_max": 14.3223853,
    "kd_min": 1.0765602205031415,
    "kd_max": 2.079004092578084
}