{
    "metadata": {
        "試料厚": 26.5,
        "熱拡散率(位相)": 7.37792493e-08,
        "熱拡散率(振幅)": 6.40401217e-08,
        "ヒーター印加電圧": 1.5,
        "切片": 0.934747333,
        "Y position": 0.0,
        "z_pos": 3.0
    },
    "filepath": "c:\\Users\\soeda\\TWA_analyzer\\data_raw\\0213_R5\\step_z3_R5.txt",
    "dataframe": {
        "index": [
            0,
            1,
            2,
            3,
            4,
            5,
            6,
            7,
            8,
            9,
            10,
            11,
            12,
            13,
            14,
            15,
            16,
            17,
            18,
            19
        ],
        "columns": [
            "sqrt_TW_freq",
            "amp",
            "amp_sigma",
            "theta",
            "theta_sigma",
            "DCV",
            "DCV_sigma",
            "decay_ratio"
        ],
        "data": [
            [
                6.32455532,
                1.14226181e-05,
                8.10892724e-09,
                -0.103583057,
                0.000193969038,
                0.0,
                0.0,
                -9.5354754
            ],
            [
                6.79980777,
                9.88086273e-06,
                9.88048787e-08,
                -0.245122889,
                0.0184921997,
                0.0,
                0.0,
                -9.60801639
            ],
            [
                7.41648866,
                7.99469319e-06,
                7.86402378e-08,
                -0.26072987,
                0.00987969901,
                0.0,
                0.0,
                -9.73302687
            ],
            [
                7.89174111,
                7.21518535e-06,
                4.3973909e-08,
                -0.470364647,
                0.00671334944,
                0.0,
                0.0,
                -9.77350589
            ],
            [
                8.36699356,
                5.74753315e-06,
                2.15829618e-08,
                -0.571435893,
                0.00817164962,
                0.0,
                0.0,
                -9.94244518
            ],
            [
                8.84224602,
                5.50175355e-06,
                2.19704931e-08,
                -0.609172568,
                0.00544283979,
                0.0,
                0.0,
                -9.93090277
            ],
            [
                9.31749847,
                4.2737497e-06,
                6.36243882e-08,
                -0.590381345,
                0.00200457247,
                0.0,
                0.0,
                -10.1311248
            ],
            [
                9.79275092,
                3.51314826e-06,
                6.88616038e-08,
                -0.712108432,
                0.0105695835,
                0.0,
                0.0,
                -10.2773556
            ],
            [
                10.3680046,
                3.89054569e-06,
                3.25133323e-08,
                -0.871767752,
                0.00340026322,
                0.0,
                0.0,
                -10.1182365
            ],
            [
                10.8432571,
                3.37112732e-06,
                5.6089084e-08,
                -0.768028284,
                0.00733303321,
                0.0,
                0.0,
                -10.2167199
            ],
            [
                11.3185095,
                2.85635483e-06,
                4.05836269e-08,
                -1.28719147,
                0.005539935,
                0.0,
                0.0,
                -10.3395249
            ],
            [
                11.793762,
                2.31138454e-06,
                6.62681795e-09,
                -1.19850102,
                0.00342757687,
                0.0,
                0.0,
                -10.5100931
            ],
            [
                12.3506645,
                2.36433477e-06,
                1.92414994e-08,
                -1.09667481,
                0.00640637625,
                0.0,
                0.0,
                -10.441304
            ],
            [
                12.825917,
                1.77520415e-06,
                7.64103276e-08,
                -1.3769314,
                0.00806405807,
                0.0,
                0.0,
                -10.6901272
            ],
            [
                13.3011695,
                1.86848784e-06,
                5.05610792e-08,
                -1.30216125,
                0.0176970614,
                0.0,
                0.0,
                -10.6025291
            ],
            [
                13.7764219,
                1.18797639e-06,
                1.2820909e-08,
                -1.9850269,
                0.0101191212,
                0.0,
                0.0,
                -11.0203006
            ],
            [
                14.3223853,
                1.43242599e-06,
                2.18730827e-08,
                -1.45081606,
                0.0252065615,
                0.0,
                0.0,
                -10.7943173
            ],
            [
                14.7976377,
                1.18513652e-06,
                8.86704161e-09,
                -1.4103786,
                0.00752217811,
                0.0,
                0.0,
                -10.951185
            ],
            [
                15.2728902,
                1.11802219e-06,
                4.69428226e-08,
                -1.53517086,
                0.0145581841,
                0.0,
                0.0,
                -10.97787
            ],
            [
                15.7481426,
                4.58232562e-07,
                4.39241884e-08,
                -1.75699121,
                0.00935417423,
                0.0,
                0.0,
                -11.8391666
            ]
        ]
    }
}