{
    "filename": "c:\\Users\\soeda\\TWA_analyzer\\data_raw\\0213_R5\\step_z3_R5.txt",
    "samplename": null,
    "thickness_um": 26.5,
    "alpha_phase": 6.875996949543262e-08,
    "r2_phase": 0.9027868908959865,
    "slope_phase": -0.1791236674621021,
    "intercept_phase": 0.997228252222039,
    "alpha_amp": 9.276540149024664e-08,
    "r2_amp": 0.9318088082227955,
    "slope_amp": -0.1542154182304883,
    "intercept_amp": -8.613528536854131,
    "alpha_ratio": 0.7412242968911427,
    "x_position": null,
    "y_position": null,
    "z_position": 3.0,
    "used_indices": [
        2,
        3,
        4,
        5,
        6,
        7,
        8,
        9,
        10,
        11,
        12,
        13,
        14
    ],
    "freq_range_min": 7.41648866,
    "freq_range_max": 13.3011695,
    "kd_min": 1.3284686484702908,
    "kd_max": 2.3825542623750544
}