{
    "metadata": {},
    "filepath": "c:\\Users\\soeda\\TWA_analyzer\\data_raw\\z_freq_sweep_test0422_20260422_210553\\data_1_pos_freq_summary\\x0,y0,zm4p5.csv",
    "dataframe": {
        "index": [
            0,
            1,
            2,
            3,
            4,
            5,
            6,
            7,
            8,
            9
        ],
        "columns": [
            "sqrt_TW_freq",
            "theta",
            "theta_sigma",
            "amp",
            "amp_sigma"
        ],
        "data": [
            [
                8.485245096261215,
                2.973463937203188,
                0.2661300833034337,
                4.131700371020672e-05,
                1.3375612405546274e-05
            ],
            [
                11.313669470909955,
                2.767075772847276,
                0.1208949721930807,
                3.1944681692616666e-05,
                7.728612643538606e-06
            ],
            [
                14.352693104321338,
                2.4524511592662326,
                0.1187325594058339,
                1.7087007063300002e-05,
                3.989616593173744e-06
            ],
            [
                16.970562988235443,
                2.143530590843006,
                0.1035561871399787,
                1.0016701677721666e-05,
                1.7578585825481693e-06
            ],
            [
                19.799119347936497,
                1.8746018039301964,
                0.0978802792087848,
                6.113816903056666e-06,
                1.214358603499489e-06
            ],
            [
                22.627408973204744,
                1.5609660317526848,
                0.0953549506925494,
                3.850215477995e-06,
                6.286863663129174e-07
            ],
            [
                25.45577077334987,
                1.297316866401678,
                0.1026532663696765,
                2.3701058201583337e-06,
                4.4739458426261467e-07
            ],
            [
                28.39009833930074,
                1.0979183755334536,
                0.0911838556848886,
                1.3686412974733331e-06,
                2.504308182088556e-07
            ],
            [
                31.112551339143398,
                0.9042551317169986,
                0.0576151860003878,
                9.660150984321664e-07,
                1.666031940043395e-07
            ],
            [
                33.94101665744536,
                0.4930402294701073,
                0.1954494560260448,
                1.5722194210242622e-06,
                4.0997066066992565e-06
            ]
        ]
    }
}