{
    "filename": "c:\\Users\\soeda\\TWA_analyzer\\output\\z_sweep_test_0422_2105\\pos_sammarized\\x0,y0,zm4p5.csv",
    "samplename": null,
    "thickness_um": 50.0,
    "alpha_phase": 8.362053475632608e-07,
    "r2_phase": 0.9947340662847068,
    "slope_phase": -0.09691443548884975,
    "intercept_phase": 3.81756715590046,
    "alpha_amp": 7.264774107023904e-07,
    "r2_amp": 0.8978404287386428,
    "slope_amp": -0.10397618611321341,
    "intercept_amp": -6.911215583713345,
    "alpha_ratio": 0.8687787190304123,
    "x_position": 0.0,
    "y_position": 0.0,
    "z_position": -4.5,
    "used_indices": [
        1,
        2,
        3,
        4,
        5,
        6,
        7,
        8,
        9
    ],
    "freq_range_min": 11.313669470909955,
    "freq_range_max": 33.94101665744536,
    "kd_min": 1.0964578900806718,
    "kd_max": 3.2893744692739633
}