{
    "filename": "d:\\0209_fix_d\\step_z3_R3.txt",
    "samplename": null,
    "thickness_um": 28.6,
    "alpha_phase": 9.423556865089633e-08,
    "r2_phase": 0.9859192172699717,
    "slope_phase": -0.16513287483027417,
    "intercept_phase": 3.950909626008422,
    "alpha_amp": 8.113684625909556e-08,
    "r2_amp": 0.9952426954662539,
    "slope_amp": -0.1779638973202597,
    "intercept_amp": -7.058074409026787,
    "alpha_ratio": 0.861000229750551,
    "x_position": null,
    "y_position": null,
    "z_position": 3.0,
    "used_indices": [
        1,
        2,
        3,
        4,
        5,
        6,
        7,
        8
    ],
    "freq_range_min": 7.63055945,
    "freq_range_max": 16.0981973,
    "kd_min": 1.2600562185418156,
    "kd_max": 2.6583415997339572
}