{
    "metadata": {
        "試料厚": 26.5,
        "熱拡散率(位相)": 6.73482856e-08,
        "熱拡散率(振幅)": 6.130535e-08,
        "ヒーター印加電圧": 1.5,
        "切片": 4.13799337,
        "Y position": 0.0,
        "z_pos": 3.0
    },
    "filepath": "c:\\Users\\soeda\\TWA_analyzer\\data_raw\\0213_R7\\step_z3_R7.txt",
    "dataframe": {
        "index": [
            0,
            1,
            2,
            3,
            4,
            5,
            6,
            7,
            8,
            9,
            10,
            11,
            12,
            13,
            14,
            15,
            16,
            17,
            18,
            19
        ],
        "columns": [
            "sqrt_TW_freq",
            "amp",
            "amp_sigma",
            "theta",
            "theta_sigma",
            "DCV",
            "DCV_sigma",
            "decay_ratio"
        ],
        "data": [
            [
                6.32455532,
                3.32767663e-05,
                3.90063324e-08,
                3.00544707,
                0.000999925774,
                0.0,
                0.0,
                -8.46621138
            ],
            [
                6.79980777,
                2.86798129e-05,
                1.02129169e-07,
                2.89593413,
                0.00250552156,
                0.0,
                0.0,
                -8.54242272
            ],
            [
                7.41648866,
                2.31758999e-05,
                1.81699834e-08,
                2.79094038,
                0.00333710541,
                0.0,
                0.0,
                -8.6686919
            ],
            [
                7.89174111,
                2.05256252e-05,
                1.00546873e-07,
                2.73843119,
                0.00047167914,
                0.0,
                0.0,
                -8.72801966
            ],
            [
                8.36699356,
                1.79231532e-05,
                8.01255798e-08,
                2.5860561,
                0.001341175,
                0.0,
                0.0,
                -8.80512258
            ],
            [
                8.84224602,
                1.47034618e-05,
                5.51682123e-08,
                2.5585927,
                0.00122039094,
                0.0,
                0.0,
                -8.94788668
            ],
            [
                9.31749847,
                1.32573441e-05,
                1.67867156e-08,
                2.41651382,
                0.00543913996,
                0.0,
                0.0,
                -8.9990647
            ],
            [
                9.79275092,
                1.06915997e-05,
                9.5599057e-08,
                2.37175,
                0.00422652552,
                0.0,
                0.0,
                -9.16440979
            ],
            [
                10.3680046,
                8.43186426e-06,
                1.45919097e-07,
                2.23752083,
                0.009783014,
                0.0,
                0.0,
                -9.34476808
            ],
            [
                10.8432571,
                8.2297087e-06,
                6.26827532e-08,
                2.18151517,
                0.00768379118,
                0.0,
                0.0,
                -9.32421652
            ],
            [
                11.3185095,
                6.47210251e-06,
                1.10832997e-08,
                2.14644874,
                0.0218905986,
                0.0,
                0.0,
                -9.52157014
            ],
            [
                11.793762,
                6.63264643e-06,
                1.83417927e-08,
                2.16120783,
                0.00554694006,
                0.0,
                0.0,
                -9.45593593
            ],
            [
                12.3506645,
                5.68711616e-06,
                4.17908803e-08,
                1.8369199,
                0.0171838343,
                0.0,
                0.0,
                -9.56359739
            ],
            [
                12.825917,
                4.83264006e-06,
                1.47736243e-07,
                1.76410325,
                0.00118997146,
                0.0,
                0.0,
                -9.68864975
            ],
            [
                13.3011695,
                3.86270494e-06,
                1.28384753e-07,
                1.70389197,
                0.0259356765,
                0.0,
                0.0,
                -9.8762909
            ],
            [
                13.7764219,
                4.51193056e-06,
                1.92460459e-08,
                1.55788967,
                0.0180602566,
                0.0,
                0.0,
                -9.68582686
            ],
            [
                14.3223853,
                3.20977033e-06,
                5.30197766e-08,
                1.55900431,
                0.0396213687,
                0.0,
                0.0,
                -9.98748746
            ],
            [
                14.7976377,
                3.82232886e-06,
                8.57937605e-09,
                1.36622741,
                0.00743729275,
                0.0,
                0.0,
                -9.78018312
            ],
            [
                15.2728902,
                2.89870051e-06,
                5.44711666e-08,
                1.43243074,
                0.0127865873,
                0.0,
                0.0,
                -10.0251686
            ],
            [
                15.7481426,
                1.5102235e-06,
                1.12638519e-07,
                1.36476117,
                0.0194268865,
                0.0,
                0.0,
                -10.6465305
            ]
        ]
    }
}