{
    "filename": "c:\\Users\\soeda\\TWA_analyzer\\data_raw\\0213_R7\\step_z3_R7.txt",
    "samplename": null,
    "thickness_um": 26.5,
    "alpha_phase": 6.324440673523742e-08,
    "r2_phase": 0.9767296728708388,
    "slope_phase": -0.1867711310387402,
    "intercept_phase": 4.1951625981031295,
    "alpha_amp": 6.456658255320933e-08,
    "r2_amp": 0.9600764018951539,
    "slope_amp": -0.18484891687873217,
    "intercept_amp": -7.3127456156636335,
    "alpha_ratio": 0.9795222889970627,
    "x_position": null,
    "y_position": null,
    "z_position": 3.0,
    "used_indices": [
        2,
        3,
        4,
        5,
        6,
        7,
        8,
        9,
        10,
        11,
        12,
        13,
        14,
        15
    ],
    "freq_range_min": 7.41648866,
    "freq_range_max": 13.7764219,
    "kd_min": 1.3851859753641906,
    "kd_max": 2.5730378999298704
}