{
    "metadata": {
        "試料厚": 26.5,
        "熱拡散率(位相)": 1.05115323e-07,
        "熱拡散率(振幅)": 1.15712731e-07,
        "ヒーター印加電圧": 5.0,
        "切片": -2.15923589,
        "Y position": 0.0
    },
    "filepath": "c:\\Users\\soeda\\TWA_analyzer\\data_raw\\0208_R3\\R3_zm2.5_20step_20to300.txt",
    "dataframe": {
        "index": [
            0,
            1,
            2,
            3,
            4,
            5,
            6,
            7,
            8,
            9,
            10,
            11,
            12,
            13,
            14,
            15,
            16,
            17,
            18,
            19
        ],
        "columns": [
            "sqrt_TW_freq",
            "amp",
            "amp_sigma",
            "theta",
            "theta_sigma",
            "DCV",
            "DCV_sigma",
            "decay_ratio"
        ],
        "data": [
            [
                4.47213595,
                0.00125321483,
                2.97525876e-07,
                -2.7176044,
                2.32578406e-05,
                0.0,
                0.0,
                -5.18417703
            ],
            [
                5.12127283,
                0.00101379243,
                2.35770664e-07,
                -2.85412296,
                7.38572211e-05,
                0.0,
                0.0,
                -5.26065409
            ],
            [
                5.77040971,
                0.000825205241,
                1.12439225e-07,
                -2.97864865,
                0.000171474379,
                0.0,
                0.0,
                -5.34713534
            ],
            [
                6.41954658,
                0.000678618055,
                7.18521242e-09,
                -3.09813054,
                9.30578024e-05,
                0.0,
                0.0,
                -5.43610461
            ],
            [
                7.21011189,
                0.000541192779,
                1.998645e-08,
                -3.227555777179586,
                6.80762362e-05,
                0.0,
                0.0,
                -5.54625053
            ],
            [
                7.85924876,
                0.000456240002,
                6.32244193e-09,
                -3.3258619171795862,
                3.23699003e-05,
                0.0,
                0.0,
                -5.63080054
            ],
            [
                8.50838564,
                0.000383781859,
                3.56062436e-09,
                -3.4262803071795864,
                0.000174304956,
                0.0,
                0.0,
                -5.72438402
            ],
            [
                9.15752252,
                0.000325921378,
                4.65337521e-08,
                -3.5229471771795864,
                0.000107306048,
                0.0,
                0.0,
                -5.8142787
            ],
            [
                9.80665939,
                0.000277145428,
                4.92008192e-08,
                -3.615202457179586,
                0.00010333093,
                0.0,
                0.0,
                -5.9079065
            ],
            [
                10.5557975,
                0.000228180899,
                6.94805715e-08,
                -3.7147499771795864,
                0.000268742221,
                0.0,
                0.0,
                -6.02869659
            ],
            [
                11.2049344,
                0.000199781476,
                6.62847591e-08,
                -3.807402627179586,
                0.000123821482,
                0.0,
                0.0,
                -6.10193216
            ],
            [
                11.8540713,
                0.000171625863,
                2.54734151e-08,
                -3.901931067179586,
                8.41529626e-05,
                0.0,
                0.0,
                -6.19752229
            ],
            [
                12.5848583,
                0.000146776878,
                6.41802374e-08,
                -3.993078847179586,
                3.08536812e-05,
                0.0,
                0.0,
                -6.2941026
            ],
            [
                13.2339951,
                0.000127616761,
                1.6995634e-09,
                -4.088844217179586,
                0.000284151245,
                0.0,
                0.0,
                -6.38368993
            ],
            [
                13.883132,
                0.000112186706,
                4.05163242e-08,
                -4.174730847179586,
                0.000215648883,
                0.0,
                0.0,
                -6.46467148
            ],
            [
                14.6029798,
                9.57680023e-05,
                3.03102291e-08,
                -4.260649107179587,
                0.00118089413,
                0.0,
                0.0,
                -6.57235633
            ],
            [
                15.2521167,
                8.43463956e-05,
                7.82789521e-08,
                -4.351607727179586,
                0.000212227606,
                0.0,
                0.0,
                -6.65586019
            ],
            [
                15.9644992,
                7.26997736e-05,
                8.47446259e-09,
                -4.441797317179586,
                0.000286279281,
                0.0,
                0.0,
                -6.75880483
            ],
            [
                16.6136361,
                6.29845705e-05,
                5.67906199e-09,
                -4.531673057179586,
                0.00159729761,
                0.0,
                0.0,
                -6.86239696
            ],
            [
                17.262773,
                5.69396378e-05,
                3.00707433e-08,
                -4.638344247179586,
                0.000618841612,
                0.0,
                0.0,
                -6.92496651
            ]
        ]
    }
}