{
    "filename": "c:\\Users\\soeda\\TWA_analyzer\\data_raw\\0208_R3\\R3_zm2.5_20step_20to300.txt",
    "samplename": null,
    "thickness_um": 26.5,
    "alpha_phase": 1.146628887199612e-07,
    "r2_phase": 0.9994397971259108,
    "slope_phase": -0.13871051075284183,
    "intercept_phase": -2.248671662068564,
    "alpha_amp": 1.1438615887506818e-07,
    "r2_amp": 0.9995195624048774,
    "slope_amp": -0.1388781977812211,
    "intercept_amp": -4.545762106450395,
    "alpha_ratio": 0.9975865788139275,
    "x_position": null,
    "y_position": null,
    "z_position": null,
    "used_indices": [
        5,
        6,
        7,
        8,
        9,
        10,
        11,
        12,
        13,
        14,
        15
    ],
    "freq_range_min": 7.85924876,
    "freq_range_max": 14.6029798,
    "kd_min": 1.090160409633239,
    "kd_max": 2.0255867865714317
}