{
    "filename": "c:\\Users\\soeda\\TWA_analyzer\\data_raw\\0212\\step_zm2_R15.txt",
    "samplename": null,
    "thickness_um": 26.5,
    "alpha_phase": 1.0606513105769274e-07,
    "r2_phase": 0.9174438678020269,
    "slope_phase": -0.14422298960194174,
    "intercept_phase": 0.7619285038339805,
    "alpha_amp": 1.0811319393113995e-07,
    "r2_amp": 0.9044881439371161,
    "slope_amp": -0.14285040021254947,
    "intercept_amp": -8.402363443035066,
    "alpha_ratio": 0.9810563096049898,
    "x_position": null,
    "y_position": null,
    "z_position": -2.0,
    "used_indices": [
        5,
        6,
        7,
        8,
        9,
        10,
        11,
        12,
        13,
        14,
        15,
        16,
        17
    ],
    "freq_range_min": 8.84224602,
    "freq_range_max": 14.7976377,
    "kd_min": 1.2752551558002705,
    "kd_max": 2.134159548140401
}