{
    "metadata": {
        "試料厚": 26.5,
        "熱拡散率(位相)": 1.05133107e-07,
        "熱拡散率(振幅)": 9.11144733e-08,
        "ヒーター印加電圧": 1.5,
        "切片": -2.278597,
        "Y position": 0.0
    },
    "filepath": "c:\\Users\\soeda\\TWA_analyzer\\data_raw\\0214_R1.5\\step_z0_R1.5.txt",
    "dataframe": {
        "index": [
            0,
            1,
            2,
            3,
            4,
            5,
            6,
            7,
            8,
            9,
            10,
            11,
            12,
            13,
            14,
            15,
            16,
            17,
            18,
            19
        ],
        "columns": [
            "sqrt_TW_freq",
            "amp",
            "amp_sigma",
            "theta",
            "theta_sigma",
            "DCV",
            "DCV_sigma",
            "decay_ratio"
        ],
        "data": [
            [
                6.32455532,
                3.95110114e-05,
                4.90837761e-09,
                -3.11527557,
                0.00379497353,
                0.0,
                0.0,
                -8.29449143
            ],
            [
                6.79980777,
                3.36037094e-05,
                1.05324563e-07,
                -3.221590467179586,
                0.00509107342,
                0.0,
                0.0,
                -8.38397976
            ],
            [
                7.41648866,
                2.951276e-05,
                3.766673e-08,
                -3.340661237179586,
                0.00210534892,
                0.0,
                0.0,
                -8.42698213
            ],
            [
                7.89174111,
                2.56889092e-05,
                6.55333592e-08,
                -3.4114429471795864,
                0.00231975321,
                0.0,
                0.0,
                -8.50363442
            ],
            [
                8.36699356,
                2.24285117e-05,
                2.39512339e-08,
                -3.5005046871795864,
                0.000492450581,
                0.0,
                0.0,
                -8.58088294
            ],
            [
                8.84224602,
                1.94407784e-05,
                4.17803539e-09,
                -3.5656065671795862,
                0.00218246571,
                0.0,
                0.0,
                -8.6685968
            ],
            [
                9.31749847,
                1.78239506e-05,
                3.64904094e-08,
                -3.618315897179586,
                0.00319834153,
                0.0,
                0.0,
                -8.70307328
            ],
            [
                9.79275092,
                1.46725031e-05,
                1.08301062e-07,
                -3.747730797179586,
                0.00462858456,
                0.0,
                0.0,
                -8.84789294
            ],
            [
                10.3680046,
                1.36149118e-05,
                2.35887945e-08,
                -3.792650757179586,
                0.00649444184,
                0.0,
                0.0,
                -8.86562032
            ],
            [
                10.8432571,
                1.14533145e-05,
                8.45208405e-08,
                -3.8658529771795864,
                0.00234058525,
                0.0,
                0.0,
                -8.99368798
            ],
            [
                11.3185095,
                1.06317787e-05,
                4.44244789e-09,
                -3.9374054571795862,
                0.00095841763,
                0.0,
                0.0,
                -9.02522365
            ],
            [
                11.793762,
                9.04482996e-06,
                2.14405358e-08,
                -4.069220037179586,
                0.00487521508,
                0.0,
                0.0,
                -9.14574649
            ],
            [
                12.3506645,
                8.61694871e-06,
                2.56167541e-08,
                -4.097621657179586,
                0.00409059495,
                0.0,
                0.0,
                -9.14806964
            ],
            [
                12.825917,
                7.03771322e-06,
                1.57398401e-08,
                -4.150721137179586,
                0.00476439332,
                0.0,
                0.0,
                -9.31275938
            ],
            [
                13.3011695,
                6.38378602e-06,
                9.09011925e-09,
                -4.2946421271795865,
                0.00442240238,
                0.0,
                0.0,
                -9.37389726
            ],
            [
                13.7764219,
                5.79980329e-06,
                1.36252125e-08,
                -4.291139587179586,
                0.00638678105,
                0.0,
                0.0,
                -9.43472798
            ],
            [
                14.3223853,
                5.23331177e-06,
                7.09080281e-09,
                -4.362749407179586,
                0.00221784405,
                0.0,
                0.0,
                -9.49864254
            ],
            [
                14.7976377,
                4.89821393e-06,
                4.2728555e-08,
                -4.4356953171795865,
                0.0092841705,
                0.0,
                0.0,
                -9.53217237
            ],
            [
                15.2728902,
                4.18777118e-06,
                4.63159208e-08,
                -4.450289207179586,
                0.00381075754,
                0.0,
                0.0,
                -9.65726253
            ],
            [
                15.7481426,
                3.43443229e-06,
                5.09227558e-09,
                -4.3852810471795864,
                0.00592172944,
                0.0,
                0.0,
                -9.82493649
            ]
        ]
    }
}