{
    "filename": "c:\\Users\\soeda\\TWA_analyzer\\data_raw\\0214_R1.5\\step_z0_R1.5.txt",
    "samplename": null,
    "thickness_um": 26.5,
    "alpha_phase": 9.001529497923843e-08,
    "r2_phase": 0.9922442904182143,
    "slope_phase": -0.1565534547182307,
    "intercept_phase": -2.1806222619310347,
    "alpha_amp": 8.841696604224749e-08,
    "r2_amp": 0.9887319511106819,
    "slope_amp": -0.15796213904526588,
    "intercept_amp": -7.258826388751617,
    "alpha_ratio": 0.9822438071512226,
    "x_position": null,
    "y_position": null,
    "z_position": 0.0,
    "used_indices": [
        3,
        4,
        5,
        6,
        7,
        8,
        9,
        10,
        11,
        12,
        13,
        14
    ],
    "freq_range_min": 7.89174111,
    "freq_range_max": 13.3011695,
    "kd_min": 1.2354793345123845,
    "kd_max": 2.0823440370177613
}