{
    "metadata": {},
    "filepath": "c:\\Users\\soeda\\TWA_analyzer\\data_raw\\z_freq_sweep_test0422_20260422_210553\\data_1_pos_freq_summary\\x0,y0,zm3p6.csv",
    "dataframe": {
        "index": [
            0,
            1,
            2,
            3,
            4,
            5,
            6,
            7,
            8,
            9
        ],
        "columns": [
            "sqrt_TW_freq",
            "theta",
            "theta_sigma",
            "amp",
            "amp_sigma"
        ],
        "data": [
            [
                8.485246935293912,
                2.9491340809233093,
                0.3015987177256901,
                3.709600077057658e-05,
                1.210429845679771e-05
            ],
            [
                11.313671707518298,
                2.752133929590861,
                0.1104243403393856,
                2.858289944926667e-05,
                7.0076330047612526e-06
            ],
            [
                14.35268685032734,
                2.3916657451339374,
                0.1419791940312325,
                1.4902297461033895e-05,
                3.4887840529157363e-06
            ],
            [
                16.970488884546022,
                2.1080487250352373,
                0.0972584716407313,
                8.814229302823334e-06,
                1.5320186793240996e-06
            ],
            [
                19.79884895291896,
                1.8110658321094453,
                0.1339365439632839,
                5.239354307680001e-06,
                1.055048777205596e-06
            ],
            [
                22.6272935242154,
                1.5430620770387324,
                0.1124009679932589,
                2.9023628750683336e-06,
                6.476275533729581e-07
            ],
            [
                25.455883623570795,
                1.2822424336382847,
                0.0430037548530154,
                2.235264034074576e-06,
                3.755075745986285e-07
            ],
            [
                28.390093484171555,
                0.941912456852719,
                0.1874545639263941,
                1.2327454214746664e-06,
                2.2003144965432658e-07
            ],
            [
                31.112592566476057,
                0.8871101940456976,
                0.1226159248104791,
                8.837376394244264e-07,
                4.200765373675412e-08
            ],
            [
                33.940836358214305,
                0.3151526128993505,
                0.2343348026108059,
                1.4099276749660657e-06,
                4.30386196299083e-06
            ]
        ]
    }
}