{
    "filename": "c:\\Users\\soeda\\TWA_analyzer\\output\\z_sweep_test_0422_2105\\pos_sammarized\\x0,y0,zm3p6.csv",
    "samplename": null,
    "thickness_um": 50.0,
    "alpha_phase": 7.675009686243044e-07,
    "r2_phase": 0.9898511559938634,
    "slope_phase": -0.1011592205941613,
    "intercept_phase": 3.851674556818014,
    "alpha_amp": 7.515341527330119e-07,
    "r2_amp": 0.8899378784633281,
    "slope_amp": -0.10222816845884135,
    "intercept_amp": -7.081278583892294,
    "alpha_ratio": 0.9791963573415261,
    "x_position": 0.0,
    "y_position": 0.0,
    "z_position": -3.6,
    "used_indices": [
        1,
        2,
        3,
        4,
        5,
        6,
        7,
        8,
        9
    ],
    "freq_range_min": 11.313671707518298,
    "freq_range_max": 33.940836358214305,
    "kd_min": 1.1444822119907652,
    "kd_max": 3.433428552310931
}