{
    "metadata": {
        "試料厚": 26.5,
        "熱拡散率(位相)": 1.01469681e-07,
        "熱拡散率(振幅)": 8.21474171e-08,
        "ヒーター印加電圧": 1.5,
        "切片": 0.906441792,
        "Y position": 0.0,
        "z_pos": 1.0
    },
    "filepath": "c:\\Users\\soeda\\TWA_analyzer\\data_raw\\0213_R5\\step_z1_R5.txt",
    "dataframe": {
        "index": [
            0,
            1,
            2,
            3,
            4,
            5,
            6,
            7,
            8,
            9,
            10,
            11,
            12,
            13,
            14,
            15,
            16,
            17,
            18,
            19
        ],
        "columns": [
            "sqrt_TW_freq",
            "amp",
            "amp_sigma",
            "theta",
            "theta_sigma",
            "DCV",
            "DCV_sigma",
            "decay_ratio"
        ],
        "data": [
            [
                6.32455532,
                1.52934687e-05,
                3.53602815e-08,
                0.0580217274,
                0.00614908511,
                0.0,
                0.0,
                -9.24364498
            ],
            [
                6.79980777,
                1.33874409e-05,
                4.75278149e-08,
                -0.0406954639,
                0.000927134954,
                0.0,
                0.0,
                -9.3042992
            ],
            [
                7.41648866,
                1.13931445e-05,
                1.58906846e-08,
                -0.165114195,
                0.00194437054,
                0.0,
                0.0,
                -9.37879302
            ],
            [
                7.89174111,
                9.17925343e-06,
                5.3169446e-08,
                -0.248908935,
                0.000725384914,
                0.0,
                0.0,
                -9.5327479
            ],
            [
                8.36699356,
                9.17172071e-06,
                1.45923015e-07,
                -0.403211839,
                0.00907491215,
                0.0,
                0.0,
                -9.47509102
            ],
            [
                8.84224602,
                6.85365389e-06,
                1.27538997e-08,
                -0.376427027,
                0.00171277806,
                0.0,
                0.0,
                -9.71118772
            ],
            [
                9.31749847,
                6.20017523e-06,
                9.13463528e-08,
                -0.580335491,
                0.0019634534,
                0.0,
                0.0,
                -9.75903882
            ],
            [
                9.79275092,
                6.13746031e-06,
                3.87120983e-08,
                -0.548121187,
                0.0113399748,
                0.0,
                0.0,
                -9.71945712
            ],
            [
                10.3680046,
                4.52150001e-06,
                4.79450207e-08,
                -0.699751753,
                0.0149826187,
                0.0,
                0.0,
                -9.96794217
            ],
            [
                10.8432571,
                4.32804089e-06,
                9.2075711e-09,
                -0.565040176,
                0.00324686385,
                0.0,
                0.0,
                -9.96685215
            ],
            [
                11.3185095,
                3.87661122e-06,
                2.20904176e-08,
                -0.750909283,
                0.0196608505,
                0.0,
                0.0,
                -10.0341098
            ],
            [
                11.793762,
                3.53701158e-06,
                5.04829918e-09,
                -0.906906623,
                0.00855773149,
                0.0,
                0.0,
                -10.0846576
            ],
            [
                12.3506645,
                2.85043073e-06,
                4.93367832e-09,
                -0.912733572,
                0.00590916311,
                0.0,
                0.0,
                -10.2543306
            ],
            [
                12.825917,
                1.81122355e-06,
                7.5312633e-08,
                -1.02006321,
                0.00896204231,
                0.0,
                0.0,
                -10.6700401
            ],
            [
                13.3011695,
                2.83854229e-06,
                8.40868368e-09,
                -1.15718285,
                0.00324928087,
                0.0,
                0.0,
                -10.184368
            ],
            [
                13.7764219,
                2.81999505e-06,
                1.36076368e-08,
                -1.2216138,
                0.00612567509,
                0.0,
                0.0,
                -10.1558169
            ],
            [
                14.3223853,
                1.7557937e-06,
                5.24821199e-09,
                -1.15500663,
                0.000338802097,
                0.0,
                0.0,
                -10.5907658
            ],
            [
                14.7976377,
                1.44673206e-06,
                4.90644085e-08,
                -1.08910926,
                0.00586159313,
                0.0,
                0.0,
                -10.7517357
            ],
            [
                15.2728902,
                1.70389976e-06,
                1.8074087e-08,
                -1.36906792,
                0.00170321289,
                0.0,
                0.0,
                -10.5565116
            ],
            [
                15.7481426,
                1.19599536e-06,
                3.8366641e-08,
                -1.37545558,
                0.0125042765,
                0.0,
                0.0,
                -10.8798094
            ]
        ]
    }
}