{
    "filename": "c:\\Users\\soeda\\TWA_analyzer\\data_raw\\0213_R5\\step_z1_R5.txt",
    "samplename": null,
    "thickness_um": 26.5,
    "alpha_phase": 8.719452610704459e-08,
    "r2_phase": 0.9694420041249868,
    "slope_phase": -0.1590655748974024,
    "intercept_phase": 1.0039320688210156,
    "alpha_amp": 9.128357784990836e-08,
    "r2_amp": 0.8512205664007282,
    "slope_amp": -0.15546208333330394,
    "intercept_amp": -8.273419704778192,
    "alpha_ratio": 0.9552049575709322,
    "x_position": null,
    "y_position": null,
    "z_position": 1.0,
    "used_indices": [
        1,
        2,
        3,
        4,
        5,
        6,
        7,
        8,
        9,
        10,
        11,
        12,
        13,
        14,
        15
    ],
    "freq_range_min": 6.79980777,
    "freq_range_max": 13.7764219,
    "kd_min": 1.0816153321268736,
    "kd_max": 2.1913544695526643
}