{
    "z_position_um_mean": -1.2999999999999996,
    "convergence_settings": {
        "average_count": 30,
        "duration_used_sec": 30.0
    },
    "results": {
        "R_V": {
            "mean": 2.5820119784266666e-05,
            "std": 3.701790600035406e-07
        },
        "Theta_deg": {
            "mean": 164.70855560233335,
            "std": 0.12366725507772015
        },
        "Frequency_Hz": {
            "mean": 31.999907302866667
        }
    },
    "timestamp": "2026-02-14T19:42:25.509402"
}