{
    "z_position_um_mean": -1.6000000000000005,
    "convergence_settings": {
        "average_count": 30,
        "duration_used_sec": 30.0
    },
    "results": {
        "R_V": {
            "mean": 2.6052350585833324e-05,
            "std": 3.770000759743454e-07
        },
        "Theta_deg": {
            "mean": 165.22026672366667,
            "std": 0.270528601196931
        },
        "Frequency_Hz": {
            "mean": 31.9999436696
        }
    },
    "timestamp": "2026-02-14T19:45:40.503957"
}