{
    "z_position_um_mean": -2.900000000000001,
    "convergence_settings": {
        "average_count": 30,
        "duration_used_sec": 30.0
    },
    "results": {
        "R_V": {
            "mean": 2.6319577652100002e-05,
            "std": 3.41183208100817e-07
        },
        "Theta_deg": {
            "mean": 165.54567871066666,
            "std": 0.38090818856952735
        },
        "Frequency_Hz": {
            "mean": 31.999715423533342
        }
    },
    "timestamp": "2026-02-14T20:38:20.579193"
}