{
    "z_position_um_mean": -1.8999999999999995,
    "convergence_settings": {
        "average_count": 30,
        "duration_used_sec": 30.0
    },
    "results": {
        "R_V": {
            "mean": 2.5433824582e-05,
            "std": 2.267507578547479e-07
        },
        "Theta_deg": {
            "mean": 164.74988454200002,
            "std": 0.24679247457066955
        },
        "Frequency_Hz": {
            "mean": 31.99981575013333
        }
    },
    "timestamp": "2026-02-14T19:48:55.490145"
}