{
    "z_position_um_mean": 1.7999999999999996,
    "convergence_settings": {
        "average_count": 30,
        "duration_used_sec": 30.0
    },
    "results": {
        "R_V": {
            "mean": 1.4480049109466668e-05,
            "std": 2.92810099306972e-07
        },
        "Theta_deg": {
            "mean": 148.24131368,
            "std": 0.3632927158376116
        },
        "Frequency_Hz": {
            "mean": 32.0000164031
        }
    },
    "timestamp": "2026-02-14T16:56:33.474987"
}