{
    "z_position_um_mean": -1.3999999999999995,
    "convergence_settings": {
        "average_count": 30,
        "duration_used_sec": 30.0
    },
    "results": {
        "R_V": {
            "mean": 2.5673303025533336e-05,
            "std": 1.4892135315318644e-07
        },
        "Theta_deg": {
            "mean": 165.287695314,
            "std": 0.8069015608272778
        },
        "Frequency_Hz": {
            "mean": 31.999913342800003
        }
    },
    "timestamp": "2026-02-14T19:43:30.499763"
}