{
    "z_position_um_mean": -2.5,
    "convergence_settings": {
        "average_count": 30,
        "duration_used_sec": 30.0
    },
    "results": {
        "R_V": {
            "mean": 2.6425159073066665e-05,
            "std": 8.633434814209127e-08
        },
        "Theta_deg": {
            "mean": 165.10436401400003,
            "std": 0.2580936544529532
        },
        "Frequency_Hz": {
            "mean": 31.99996547696667
        }
    },
    "timestamp": "2026-02-14T20:34:00.681675"
}