{
    "z_position_um_mean": 1.2999999999999996,
    "convergence_settings": {
        "average_count": 30,
        "duration_used_sec": 30.0
    },
    "results": {
        "R_V": {
            "mean": 1.58256104138e-05,
            "std": 8.188465257019175e-08
        },
        "Theta_deg": {
            "mean": 148.11620534266666,
            "std": 0.5390617473941997
        },
        "Frequency_Hz": {
            "mean": 31.999944369033333
        }
    },
    "timestamp": "2026-02-14T17:01:58.321497"
}