{
    "z_position_um_mean": -1.7000000000000004,
    "convergence_settings": {
        "average_count": 30,
        "duration_used_sec": 30.0
    },
    "results": {
        "R_V": {
            "mean": 2.5402372011766666e-05,
            "std": 2.0352242125930186e-07
        },
        "Theta_deg": {
            "mean": 164.80710601833331,
            "std": 0.2611909248041216
        },
        "Frequency_Hz": {
            "mean": 31.999778684100008
        }
    },
    "timestamp": "2026-02-14T19:46:45.495375"
}