{
    "z_position_um_mean": -1.7999999999999996,
    "convergence_settings": {
        "average_count": 30,
        "duration_used_sec": 30.0
    },
    "results": {
        "R_V": {
            "mean": 2.5851960951233334e-05,
            "std": 1.8278156908664017e-07
        },
        "Theta_deg": {
            "mean": 165.22097625666672,
            "std": 0.2252372240351817
        },
        "Frequency_Hz": {
            "mean": 31.999925168400008
        }
    },
    "timestamp": "2026-02-14T19:47:50.473631"
}