{
    "z_position_um_mean": -2.2000000000000006,
    "convergence_settings": {
        "average_count": 30,
        "duration_used_sec": 30.0
    },
    "results": {
        "R_V": {
            "mean": 2.6528863903333335e-05,
            "std": 2.0179798425729334e-07
        },
        "Theta_deg": {
            "mean": 165.17239532399995,
            "std": 0.424242708056783
        },
        "Frequency_Hz": {
            "mean": 31.99964078276667
        }
    },
    "timestamp": "2026-02-14T20:30:45.705545"
}