{
    "z_position_um_mean": -1.1000000000000003,
    "convergence_settings": {
        "average_count": 30,
        "duration_used_sec": 30.0
    },
    "results": {
        "R_V": {
            "mean": 2.5859749863833334e-05,
            "std": 1.98454212248073e-07
        },
        "Theta_deg": {
            "mean": 164.59524841299998,
            "std": 0.3074538080324419
        },
        "Frequency_Hz": {
            "mean": 31.999960518
        }
    },
    "timestamp": "2026-02-14T19:40:16.842658"
}