{
    "metadata": {
        "試料厚": 26.5,
        "熱拡散率(位相)": 1.39689449e-08,
        "熱拡散率(振幅)": 1.18818772e-07,
        "ヒーター印加電圧": 5.0,
        "切片": -5.38006401,
        "Y position": 0.0
    },
    "filepath": "c:\\Users\\soeda\\TWA_analyzer\\data_raw\\0208_R3\\R3_zm0.5_20step_20to300.txt",
    "dataframe": {
        "index": [
            0,
            1,
            2,
            3,
            4,
            5,
            6,
            7,
            8,
            9,
            10,
            11,
            12,
            13,
            14,
            15,
            16,
            17,
            18,
            19
        ],
        "columns": [
            "sqrt_TW_freq",
            "amp",
            "amp_sigma",
            "theta",
            "theta_sigma",
            "DCV",
            "DCV_sigma",
            "decay_ratio"
        ],
        "data": [
            [
                4.47213595,
                1.20713649e-06,
                9.78509296e-08,
                -1.67330217,
                0.137707239,
                0.0,
                0.0,
                -12.1293934
            ],
            [
                5.12127283,
                4.37930676e-07,
                2.10053432e-07,
                0.848913858,
                0.471026775,
                0.0,
                0.0,
                -13.0078022
            ],
            [
                5.77040971,
                2.30052018e-06,
                1.21511877e-07,
                -1.34044525,
                0.0281723521,
                0.0,
                0.0,
                -11.2296322
            ],
            [
                6.41954658,
                1.97057698e-06,
                1.59211243e-07,
                -2.18958718,
                2.19236658,
                0.0,
                0.0,
                -11.2778367
            ],
            [
                7.21011189,
                2.31933864e-06,
                2.34846697e-08,
                -0.8830038435897931,
                0.0131001597,
                0.0,
                0.0,
                -10.998744
            ],
            [
                7.85924876,
                1.65186311e-06,
                1.31920018e-07,
                -0.6025529935897933,
                0.0635977375,
                0.0,
                0.0,
                -11.2519157
            ],
            [
                8.50838564,
                8.21665407e-07,
                4.35339692e-08,
                -0.5733651335897929,
                0.0727655924,
                0.0,
                0.0,
                -11.8708803
            ],
            [
                9.15752252,
                1.42933092e-06,
                4.3239808e-08,
                -0.9268131835897933,
                0.0213947261,
                0.0,
                0.0,
                -11.2437284
            ],
            [
                9.80665939,
                2.04346809e-06,
                4.55074628e-08,
                -1.8948819835897932,
                0.044675697,
                0.0,
                0.0,
                -10.8178005
            ],
            [
                10.5557975,
                3.22014182e-06,
                9.67920885e-08,
                -0.4754552635897933,
                0.0521594696,
                0.0,
                0.0,
                -10.2894099
            ],
            [
                11.2049344,
                1.8953911e-06,
                7.55090849e-08,
                -0.5747619735897933,
                0.0918091765,
                0.0,
                0.0,
                -10.7597311
            ],
            [
                11.8540713,
                9.81010742e-07,
                1.48491084e-07,
                -1.78267369,
                0.0347058866,
                0.0,
                0.0,
                -11.3620111
            ],
            [
                12.5848583,
                1.40298885e-06,
                5.60287068e-08,
                -0.216430679,
                0.17091548,
                0.0,
                0.0,
                -10.9444113
            ],
            [
                13.2339951,
                2.74328152e-06,
                1.17800484e-07,
                2.07495439,
                0.0948255705,
                0.0,
                0.0,
                -10.2235668
            ],
            [
                13.883132,
                2.1829859e-06,
                2.5257408e-08,
                2.40196025,
                0.0297686022,
                0.0,
                0.0,
                -10.4041424
            ],
            [
                14.6029798,
                3.99866013e-06,
                9.24951433e-08,
                2.44704652,
                0.00522083282,
                0.0,
                0.0,
                -9.74832562
            ],
            [
                15.2521167,
                2.23155709e-06,
                1.65829809e-07,
                1.9502848,
                0.00498512149,
                0.0,
                0.0,
                -10.2880927
            ],
            [
                15.9644992,
                2.4103354e-06,
                1.86441087e-08,
                1.87255922,
                0.0265601711,
                0.0,
                0.0,
                -10.1653772
            ],
            [
                16.6136361,
                1.154286e-06,
                1.12299109e-07,
                0.931689432,
                0.0156835299,
                0.0,
                0.0,
                -10.8618048
            ],
            [
                17.262773,
                1.1487514e-06,
                1.51774182e-07,
                1.36810531,
                0.0970753565,
                0.0,
                0.0,
                -10.8282826
            ]
        ]
    }
}