{
    "filename": "c:\\Users\\soeda\\TWA_analyzer\\data_raw\\0208_R3\\R3_zm0.5_20step_20to300.txt",
    "samplename": null,
    "thickness_um": 26.5,
    "alpha_phase": 2.9030410682313e-08,
    "r2_phase": 0.5027378322928556,
    "slope_phase": 0.2756729923718014,
    "intercept_phase": -2.957600013640469,
    "alpha_amp": 1.1881877275488338e-07,
    "r2_amp": 0.5210325608370537,
    "slope_amp": 0.1362631044372605,
    "intercept_amp": -12.465902567654139,
    "alpha_ratio": 0.24432511807036708,
    "x_position": null,
    "y_position": null,
    "z_position": null,
    "used_indices": [
        0,
        1,
        2,
        3,
        4,
        5,
        6,
        7,
        8,
        9,
        10,
        11,
        12,
        13,
        14,
        15,
        16,
        17,
        18,
        19
    ],
    "freq_range_min": 4.47213595,
    "freq_range_max": 17.262773,
    "kd_min": 1.2328470996300087,
    "kd_max": 4.7588802895451385
}