{
    "z_position_um_mean": 0.8999999999999998,
    "convergence_settings": {
        "average_count": 30,
        "duration_used_sec": 30.0
    },
    "results": {
        "R_V": {
            "mean": 2.6397469021766668e-05,
            "std": 3.2550046482418237e-07
        },
        "Theta_deg": {
            "mean": 165.3537928276667,
            "std": 0.4614030323514772
        },
        "Frequency_Hz": {
            "mean": 32.000029055266666
        }
    },
    "timestamp": "2026-02-13T15:08:55.308664"
}