{
    "z_position_um_mean": 1.3999999999999995,
    "convergence_settings": {
        "average_count": 30,
        "duration_used_sec": 30.0
    },
    "results": {
        "R_V": {
            "mean": 2.2625613079699998e-05,
            "std": 1.8399050135642703e-07
        },
        "Theta_deg": {
            "mean": 159.60348510766667,
            "std": 0.7860094424148814
        },
        "Frequency_Hz": {
            "mean": 32.0000631969
        }
    },
    "timestamp": "2026-02-13T14:17:59.195395"
}