{
    "z_position_um_mean": 1.2999999999999996,
    "convergence_settings": {
        "average_count": 30,
        "duration_used_sec": 30.0
    },
    "results": {
        "R_V": {
            "mean": 2.2949857460199994e-05,
            "std": 6.012817556347021e-08
        },
        "Theta_deg": {
            "mean": 157.3905878703333,
            "std": 0.28861913436497616
        },
        "Frequency_Hz": {
            "mean": 31.999854151399997
        }
    },
    "timestamp": "2026-02-13T14:19:04.129793"
}