{
    "z_position_um_mean": 1.0,
    "convergence_settings": {
        "average_count": 30,
        "duration_used_sec": 30.0
    },
    "results": {
        "R_V": {
            "mean": 2.39513791408e-05,
            "std": 9.809363769739018e-08
        },
        "Theta_deg": {
            "mean": 157.94190673766667,
            "std": 0.7724809849954853
        },
        "Frequency_Hz": {
            "mean": 31.999828592933333
        }
    },
    "timestamp": "2026-02-13T14:22:19.229774"
}