{
    "z_position_um_mean": 1.1000000000000003,
    "convergence_settings": {
        "average_count": 30,
        "duration_used_sec": 30.0
    },
    "results": {
        "R_V": {
            "mean": 2.3687176023166673e-05,
            "std": 7.786789851362861e-08
        },
        "Theta_deg": {
            "mean": 158.80652262433333,
            "std": 1.4431348291741715
        },
        "Frequency_Hz": {
            "mean": 31.999761009199997
        }
    },
    "timestamp": "2026-02-13T14:21:14.140949"
}