{
    "z_position_um_mean": -0.40000000000000013,
    "convergence_settings": {
        "average_count": 30,
        "duration_used_sec": 30.0
    },
    "results": {
        "R_V": {
            "mean": 3.0077887095066668e-05,
            "std": 1.1437411851033703e-07
        },
        "Theta_deg": {
            "mean": 169.73435618133328,
            "std": 0.7212651121886976
        },
        "Frequency_Hz": {
            "mean": 31.999748230033333
        }
    },
    "timestamp": "2026-02-13T16:12:41.640223"
}