{
    "z_position_um_mean": 1.8999999999999995,
    "convergence_settings": {
        "average_count": 30,
        "duration_used_sec": 30.0
    },
    "results": {
        "R_V": {
            "mean": 2.213723885986667e-05,
            "std": 3.039879682496622e-07
        },
        "Theta_deg": {
            "mean": 154.79126943,
            "std": 0.27270478792100145
        },
        "Frequency_Hz": {
            "mean": 31.999820963633336
        }
    },
    "timestamp": "2026-02-13T14:12:35.487588"
}