{
    "z_position_um_mean": -1.7999999999999996,
    "convergence_settings": {
        "average_count": 30,
        "duration_used_sec": 30.0
    },
    "results": {
        "R_V": {
            "mean": 1.0071075121200002e-05,
            "std": 9.631738764202842e-08
        },
        "Theta_deg": {
            "mean": -10.434731054336664,
            "std": 3.518388849915608
        },
        "Frequency_Hz": {
            "mean": 31.999646568366664
        }
    },
    "timestamp": "2026-02-13T22:26:06.361804"
}