{
    "z_position_um_mean": -1.0,
    "convergence_settings": {
        "average_count": 30,
        "duration_used_sec": 30.0
    },
    "results": {
        "R_V": {
            "mean": 1.0257759155813335e-05,
            "std": 2.445108417086008e-07
        },
        "Theta_deg": {
            "mean": -15.361874135266667,
            "std": 1.179872868188877
        },
        "Frequency_Hz": {
            "mean": 32.00005149843333
        }
    },
    "timestamp": "2026-02-13T21:38:31.427811"
}