{
    "z_position_um_mean": 1.2999999999999996,
    "convergence_settings": {
        "average_count": 30,
        "duration_used_sec": 30.0
    },
    "results": {
        "R_V": {
            "mean": 8.565370111083334e-06,
            "std": 4.8602915231583504e-08
        },
        "Theta_deg": {
            "mean": -16.861110973400002,
            "std": 2.7657592183257695
        },
        "Frequency_Hz": {
            "mean": 31.99987099966667
        }
    },
    "timestamp": "2026-02-13T19:54:11.798133"
}