{
    "z_position_um_mean": -2.799999999999999,
    "convergence_settings": {
        "average_count": 30,
        "duration_used_sec": 30.0
    },
    "results": {
        "R_V": {
            "mean": 2.6311694212666667e-05,
            "std": 1.4151622030493762e-07
        },
        "Theta_deg": {
            "mean": 165.243862406,
            "std": 0.07525433904941231
        },
        "Frequency_Hz": {
            "mean": 31.9997423172
        }
    },
    "timestamp": "2026-02-14T20:37:15.555882"
}