{
    "z_position_um_mean": 1.6000000000000005,
    "convergence_settings": {
        "average_count": 30,
        "duration_used_sec": 30.0
    },
    "results": {
        "R_V": {
            "mean": 1.51114349743e-05,
            "std": 4.88306601070999e-07
        },
        "Theta_deg": {
            "mean": 146.703409322,
            "std": 0.3400380134497773
        },
        "Frequency_Hz": {
            "mean": 31.999967384366666
        }
    },
    "timestamp": "2026-02-14T16:58:43.299537"
}