{
    "z_position_um_mean": -0.5,
    "convergence_settings": {
        "average_count": 30,
        "duration_used_sec": 30.0
    },
    "results": {
        "R_V": {
            "mean": 2.52619285068e-05,
            "std": 1.378159687943388e-07
        },
        "Theta_deg": {
            "mean": 164.604985047,
            "std": 0.5023776760945563
        },
        "Frequency_Hz": {
            "mean": 31.9995101929
        }
    },
    "timestamp": "2026-02-14T18:40:22.753837"
}