{
    "filename": "c:\\Users\\soeda\\TWA_analyzer\\data_raw\\0122_raugh_sensor\\z_scan\\0122_z10um_100step.txt",
    "samplename": null,
    "thickness_um": 50.0,
    "alpha_phase": 9.050573937568462e-07,
    "r2_phase": 0.9380635639329353,
    "slope_phase": -0.09315515233362155,
    "intercept_phase": -0.12584851452285895,
    "alpha_amp": 1.5843782858924555e-07,
    "r2_amp": 0.9850513222492903,
    "slope_amp": -0.2226463089870969,
    "intercept_amp": -9.616541634041939,
    "alpha_ratio": 0.17505832191655643,
    "x_position": 0.0,
    "y_position": null,
    "z_position": 0.0,
    "used_indices": [
        17,
        18,
        19,
        20,
        21,
        22,
        23,
        24,
        25,
        26,
        27,
        28,
        29,
        30,
        31,
        32,
        33,
        34,
        35,
        36,
        37,
        38,
        39,
        40,
        41,
        42,
        43,
        44,
        45,
        46,
        47,
        48,
        49,
        50,
        51,
        52,
        53,
        54,
        55,
        56,
        57,
        58,
        59,
        60,
        61,
        62,
        63,
        64,
        65,
        66,
        67,
        68,
        69,
        70,
        71,
        72,
        73,
        74,
        75
    ],
    "freq_range_min": 11.3548964,
    "freq_range_max": 23.274257,
    "kd_min": 1.057767103874491,
    "kd_max": 2.1681169562868576
}