{
    "metadata": {},
    "filepath": "c:\\Users\\soeda\\TWA_analyzer\\data_raw\\z_freq_sweep_test0422_20260422_210553\\data_1_pos_freq_summary\\x0,y0,zm3.csv",
    "dataframe": {
        "index": [
            0,
            1,
            2,
            3,
            4,
            5,
            6,
            7,
            8,
            9
        ],
        "columns": [
            "sqrt_TW_freq",
            "theta",
            "theta_sigma",
            "amp",
            "amp_sigma"
        ],
        "data": [
            [
                8.485225220074913,
                2.9360380439843894,
                0.3449118313269421,
                3.4591275456042505e-05,
                1.1385033712961591e-05
            ],
            [
                11.31364008602006,
                2.7251350608367675,
                0.1208335627318345,
                2.6392587399983337e-05,
                6.556823103946985e-06
            ],
            [
                14.352679487410471,
                2.3836717665506866,
                0.114242247189834,
                1.3884104464483336e-05,
                3.2136116378903763e-06
            ],
            [
                16.970504949116865,
                2.0770821720488195,
                0.0906051110322334,
                7.959422320431667e-06,
                1.3801314170020378e-06
            ],
            [
                19.79882861647568,
                1.847055198813497,
                0.1099351034944753,
                4.66750488142373e-06,
                9.2152517580182e-07
            ],
            [
                22.62748087002469,
                1.5018104410039446,
                0.1102970496935234,
                2.7321695900616664e-06,
                5.526875138989143e-07
            ],
            [
                25.455662956825535,
                1.2368964506891589,
                0.1110017936071908,
                1.951467748993333e-06,
                3.407847379798257e-07
            ],
            [
                28.390023093588702,
                1.0166010338586455,
                0.0854741528957424,
                1.2335729100743336e-06,
                2.443456724192393e-07
            ],
            [
                31.11260582677864,
                0.904470406380985,
                0.1139339058771813,
                7.261354663048333e-07,
                1.9981717989196046e-07
            ],
            [
                33.94096373976247,
                0.3939637895981003,
                0.1666933325801454,
                1.4196468200566133e-06,
                4.8912180966794274e-06
            ]
        ]
    }
}