{
    "filename": "c:\\Users\\soeda\\TWA_analyzer\\output\\z_sweep_test_0422_2105\\pos_sammarized\\x0,y0,zm3.csv",
    "samplename": null,
    "thickness_um": 50.0,
    "alpha_phase": 8.274830625661527e-07,
    "r2_phase": 0.9903407530032461,
    "slope_phase": -0.09742387155197955,
    "intercept_phase": 3.7730546631265707,
    "alpha_amp": 7.655502099456086e-07,
    "r2_amp": 0.8637388663642488,
    "slope_amp": -0.10128802447418804,
    "intercept_amp": -7.186270491032699,
    "alpha_ratio": 0.9251551416309588,
    "x_position": 0.0,
    "y_position": 0.0,
    "z_position": -3.0,
    "used_indices": [
        1,
        2,
        3,
        4,
        5,
        6,
        7,
        8,
        9
    ],
    "freq_range_min": 11.31364008602006,
    "freq_range_max": 33.94096373976247,
    "kd_min": 1.1022186185257454,
    "kd_max": 3.306660091733015
}