{
    "z_position_um_mean": -5.900000000000002,
    "convergence_settings": {
        "average_count": 30,
        "duration_used_sec": 30.0
    },
    "results": {
        "R_V": {
            "mean": 2.4356100342033336e-05,
            "std": 3.708091066902568e-07
        },
        "Theta_deg": {
            "mean": 168.7226801553333,
            "std": 0.4474246771677033
        },
        "Frequency_Hz": {
            "mean": 32.0002350489
        }
    },
    "timestamp": "2026-02-16T16:56:13.715387"
}