{
    "z_position_um_mean": -3.599999999999999,
    "convergence_settings": {
        "average_count": 30,
        "duration_used_sec": 30.0
    },
    "results": {
        "R_V": {
            "mean": 2.2775668549033335e-05,
            "std": 3.2617253554004915e-07
        },
        "Theta_deg": {
            "mean": 165.68567403166668,
            "std": 0.7652674994087959
        },
        "Frequency_Hz": {
            "mean": 31.999838066000002
        }
    },
    "timestamp": "2026-02-16T15:51:07.949315"
}