{
    "z_position_um_mean": -3.799999999999999,
    "convergence_settings": {
        "average_count": 30,
        "duration_used_sec": 30.0
    },
    "results": {
        "R_V": {
            "mean": 2.2122147917566663e-05,
            "std": 1.612376145906029e-07
        },
        "Theta_deg": {
            "mean": 165.35222269666667,
            "std": 0.6451367974943567
        },
        "Frequency_Hz": {
            "mean": 32.000198999966656
        }
    },
    "timestamp": "2026-02-16T15:53:18.027607"
}