{
    "z_position_um_mean": 1.2999999999999996,
    "convergence_settings": {
        "average_count": 30,
        "duration_used_sec": 30.0
    },
    "results": {
        "R_V": {
            "mean": 1.3053298850199997e-05,
            "std": 1.1446966624122835e-07
        },
        "Theta_deg": {
            "mean": 148.74128824833335,
            "std": 0.3983148408448961
        },
        "Frequency_Hz": {
            "mean": 31.999888928799997
        }
    },
    "timestamp": "2026-02-16T14:58:02.911701"
}