{
    "z_position_um_mean": 2.2000000000000006,
    "convergence_settings": {
        "average_count": 30,
        "duration_used_sec": 30.0
    },
    "results": {
        "R_V": {
            "mean": 1.2916980631399998e-05,
            "std": 5.83316054394601e-08
        },
        "Theta_deg": {
            "mean": 150.29372253366668,
            "std": 0.40275218552999587
        },
        "Frequency_Hz": {
            "mean": 31.999994214366666
        }
    },
    "timestamp": "2026-02-16T14:38:41.366119"
}