{
    "z_position_um_mean": -1.7000000000000004,
    "convergence_settings": {
        "average_count": 30,
        "duration_used_sec": 30.0
    },
    "results": {
        "R_V": {
            "mean": 1.7341100162133333e-05,
            "std": 3.3811450037312756e-07
        },
        "Theta_deg": {
            "mean": 155.79972839366667,
            "std": 0.5352771220146932
        },
        "Frequency_Hz": {
            "mean": 31.999478403866664
        }
    },
    "timestamp": "2026-02-16T15:30:33.052560"
}