{
    "z_position_um_mean": 2.5,
    "convergence_settings": {
        "average_count": 30,
        "duration_used_sec": 30.0
    },
    "results": {
        "R_V": {
            "mean": 1.3050840425400002e-05,
            "std": 1.1505655917219879e-07
        },
        "Theta_deg": {
            "mean": 150.96100769133335,
            "std": 0.31248352659291573
        },
        "Frequency_Hz": {
            "mean": 31.999836413033336
        }
    },
    "timestamp": "2026-02-16T14:33:14.477761"
}