{
    "z_position_um_mean": -2.2000000000000006,
    "convergence_settings": {
        "average_count": 30,
        "duration_used_sec": 30.0
    },
    "results": {
        "R_V": {
            "mean": 1.7777820054766666e-05,
            "std": 1.0489383283315148e-07
        },
        "Theta_deg": {
            "mean": 158.08454691599997,
            "std": 0.20269804291506527
        },
        "Frequency_Hz": {
            "mean": 31.99956722256667
        }
    },
    "timestamp": "2026-02-16T15:35:57.936620"
}