{
    "z_position_um_mean": 2.4000000000000004,
    "convergence_settings": {
        "average_count": 30,
        "duration_used_sec": 30.0
    },
    "results": {
        "R_V": {
            "mean": 1.3183049274333334e-05,
            "std": 8.108782969386945e-08
        },
        "Theta_deg": {
            "mean": 150.27585957833338,
            "std": 0.4299642867141436
        },
        "Frequency_Hz": {
            "mean": 31.999722925866667
        }
    },
    "timestamp": "2026-02-16T14:34:19.436412"
}