{
    "z_position_um_mean": -2.2999999999999994,
    "convergence_settings": {
        "average_count": 30,
        "duration_used_sec": 30.0
    },
    "results": {
        "R_V": {
            "mean": 1.8539162495766666e-05,
            "std": 1.256374005257145e-07
        },
        "Theta_deg": {
            "mean": 157.50583496066665,
            "std": 0.5785040026404193
        },
        "Frequency_Hz": {
            "mean": 31.99990895603333
        }
    },
    "timestamp": "2026-02-16T15:37:02.960079"
}