{
    "z_position_um_mean": 1.3999999999999995,
    "convergence_settings": {
        "average_count": 30,
        "duration_used_sec": 30.0
    },
    "results": {
        "R_V": {
            "mean": 1.2574765696566666e-05,
            "std": 1.7173452627999627e-07
        },
        "Theta_deg": {
            "mean": 147.65505727066665,
            "std": 0.8896035495551878
        },
        "Frequency_Hz": {
            "mean": 31.999998537699998
        }
    },
    "timestamp": "2026-02-16T14:56:57.928685"
}