{
    "z_position_um_mean": -1.2999999999999996,
    "convergence_settings": {
        "average_count": 30,
        "duration_used_sec": 30.0
    },
    "results": {
        "R_V": {
            "mean": 1.64074279988e-05,
            "std": 1.8898027194371873e-07
        },
        "Theta_deg": {
            "mean": 153.271095276,
            "std": 0.9700111041101365
        },
        "Frequency_Hz": {
            "mean": 31.999638557433332
        }
    },
    "timestamp": "2026-02-16T15:26:13.065420"
}