{
    "z_position_um_mean": 1.1000000000000003,
    "convergence_settings": {
        "average_count": 30,
        "duration_used_sec": 30.0
    },
    "results": {
        "R_V": {
            "mean": 1.2564040055933333e-05,
            "std": 3.0602176324499287e-07
        },
        "Theta_deg": {
            "mean": 147.322543336,
            "std": 0.6833706613914071
        },
        "Frequency_Hz": {
            "mean": 31.999433898900005
        }
    },
    "timestamp": "2026-02-16T15:00:12.926478"
}