{
    "z_position_um_mean": -1.7999999999999996,
    "convergence_settings": {
        "average_count": 30,
        "duration_used_sec": 30.0
    },
    "results": {
        "R_V": {
            "mean": 1.750108246303333e-05,
            "std": 1.204463557865404e-07
        },
        "Theta_deg": {
            "mean": 153.425696309,
            "std": 0.3757721959889569
        },
        "Frequency_Hz": {
            "mean": 31.999625523933332
        }
    },
    "timestamp": "2026-02-16T15:31:38.101150"
}