{
    "z_position_um_mean": -2.5,
    "convergence_settings": {
        "average_count": 30,
        "duration_used_sec": 30.0
    },
    "results": {
        "R_V": {
            "mean": 1.91082187181e-05,
            "std": 1.418597468676767e-07
        },
        "Theta_deg": {
            "mean": 157.70729064900004,
            "std": 0.3225439596307671
        },
        "Frequency_Hz": {
            "mean": 31.999917602566665
        }
    },
    "timestamp": "2026-02-16T15:39:12.967002"
}