{
    "z_position_um_mean": 1.2000000000000002,
    "convergence_settings": {
        "average_count": 30,
        "duration_used_sec": 30.0
    },
    "results": {
        "R_V": {
            "mean": 1.3032924986699999e-05,
            "std": 1.6123436172609487e-07
        },
        "Theta_deg": {
            "mean": 147.50821126366665,
            "std": 0.6956226678596804
        },
        "Frequency_Hz": {
            "mean": 32.000266711033326
        }
    },
    "timestamp": "2026-02-16T14:59:07.900233"
}