{
    "z_position_um_mean": -5.0,
    "convergence_settings": {
        "average_count": 30,
        "duration_used_sec": 30.0
    },
    "results": {
        "R_V": {
            "mean": 2.3498427860133327e-05,
            "std": 2.6990558327148097e-07
        },
        "Theta_deg": {
            "mean": 167.02209625233337,
            "std": 0.243842295023387
        },
        "Frequency_Hz": {
            "mean": 31.999753443433328
        }
    },
    "timestamp": "2026-02-16T16:46:28.740872"
}