{
    "z_position_um_mean": 0.8000000000000003,
    "convergence_settings": {
        "average_count": 30,
        "duration_used_sec": 30.0
    },
    "results": {
        "R_V": {
            "mean": 1.2596959732033335e-05,
            "std": 1.9231658617512877e-07
        },
        "Theta_deg": {
            "mean": 147.86783904966669,
            "std": 0.9025671309082577
        },
        "Frequency_Hz": {
            "mean": 32.00012315113334
        }
    },
    "timestamp": "2026-02-16T15:03:27.909557"
}