{
    "z_position_um_mean": -1.2000000000000002,
    "convergence_settings": {
        "average_count": 30,
        "duration_used_sec": 30.0
    },
    "results": {
        "R_V": {
            "mean": 1.5632997171066665e-05,
            "std": 3.49761963449989e-07
        },
        "Theta_deg": {
            "mean": 152.35434315966666,
            "std": 0.19246494976297004
        },
        "Frequency_Hz": {
            "mean": 31.999583435033337
        }
    },
    "timestamp": "2026-02-16T15:25:08.129884"
}