{
    "filename": "d:\\0209_fix_d\\step_z1_R3.txt",
    "samplename": null,
    "thickness_um": 50.0,
    "alpha_phase": 3.669770427759067e-07,
    "r2_phase": 0.9917752008631802,
    "slope_phase": -0.14629365563923,
    "intercept_phase": 3.9865342680790414,
    "alpha_amp": 3.795138861652347e-07,
    "r2_amp": 0.9906791273167634,
    "slope_amp": -0.1438570350728907,
    "intercept_amp": -6.945121206718026,
    "alpha_ratio": 0.9669660482887583,
    "x_position": null,
    "y_position": null,
    "z_position": 1.0,
    "used_indices": [
        9,
        10,
        11,
        12,
        13,
        14,
        15,
        16,
        17,
        18,
        19,
        20,
        21,
        22,
        23,
        24,
        25,
        26,
        27,
        28,
        29,
        30,
        31,
        32
    ],
    "freq_range_min": 8.88471789,
    "freq_range_max": 15.3182896,
    "kd_min": 1.299777859451366,
    "kd_max": 2.2409685837243982
}