{
    "filename": "d:\\0209_fix_d\\step_z1_R3.txt",
    "samplename": null,
    "thickness_um": 26.6,
    "alpha_phase": 1.0261319134250934e-07,
    "r2_phase": 0.9930828564583954,
    "slope_phase": -0.1471820933816365,
    "intercept_phase": 3.9991186249446047,
    "alpha_amp": 1.0662561535147387e-07,
    "r2_amp": 0.9918963078095532,
    "slope_amp": -0.1443862369186638,
    "intercept_amp": -6.940447245647645,
    "alpha_ratio": 0.9623690424131365,
    "x_position": null,
    "y_position": null,
    "z_position": 1.0,
    "used_indices": [
        8,
        9,
        10,
        12,
        13,
        14,
        15,
        16,
        17,
        18,
        19,
        20,
        21,
        22,
        23,
        24,
        25,
        26,
        27,
        28,
        29,
        30,
        31,
        32,
        33
    ],
    "freq_range_min": 8.61596965,
    "freq_range_max": 15.5870379,
    "kd_min": 1.268116449599646,
    "kd_max": 2.294132867740907
}