{
    "metadata": {},
    "filepath": "c:\\Users\\soeda\\TWA_analyzer\\data_raw\\z_freq_sweep_test0422_20260422_210553\\data_1_pos_freq_summary\\x0,y0,zm5p1.csv",
    "dataframe": {
        "index": [
            0,
            1,
            2,
            3,
            4,
            5,
            6,
            7,
            8,
            9
        ],
        "columns": [
            "sqrt_TW_freq",
            "theta",
            "theta_sigma",
            "amp",
            "amp_sigma"
        ],
        "data": [
            [
                8.485243050911837,
                3.029417402471823,
                0.290006202068244,
                4.560384510425177e-05,
                1.4111122627756834e-05
            ],
            [
                11.3136779958818,
                2.797461977059081,
                0.1210637188164186,
                3.527740794501666e-05,
                8.286548280041905e-06
            ],
            [
                14.352584770892896,
                2.4710563867896247,
                0.1173657691727802,
                1.882215704738333e-05,
                4.584103091746408e-06
            ],
            [
                16.970544406156606,
                2.174714973843495,
                0.0978633404034197,
                1.091742919925e-05,
                1.872809008410656e-06
            ],
            [
                19.7988252028077,
                1.9045066457680508,
                0.0884456963434789,
                6.678312320218332e-06,
                1.199910648465979e-06
            ],
            [
                22.627343207994457,
                1.625922498939157,
                0.1151501740404623,
                4.197825103537288e-06,
                5.676754366246785e-07
            ],
            [
                25.45575492859457,
                1.3192453813087763,
                0.1210703145161603,
                2.7987928016583337e-06,
                4.561187606085736e-07
            ],
            [
                28.390011054251104,
                1.068791188810658,
                0.143411178994417,
                1.860154352095e-06,
                2.698251856098818e-07
            ],
            [
                31.112717989639435,
                0.8429607003191217,
                0.055810182493261,
                1.2547316809266667e-06,
                1.5310134007820764e-07
            ],
            [
                33.94085932321633,
                0.6357037422711358,
                0.1654226995012391,
                1.4598605108047538e-06,
                4.803201116816827e-06
            ]
        ]
    }
}