{
    "filename": "c:\\Users\\soeda\\TWA_analyzer\\output\\z_sweep_test_0422_2105\\pos_sammarized\\x0,y0,zm5p1.csv",
    "samplename": null,
    "thickness_um": 50.0,
    "alpha_phase": 8.44236841929852e-07,
    "r2_phase": 0.9966268344733807,
    "slope_phase": -0.09645234488975431,
    "intercept_phase": 3.834778602242489,
    "alpha_amp": 7.541391400115378e-07,
    "r2_amp": 0.9521805743618728,
    "slope_amp": -0.10205145475192083,
    "intercept_amp": -6.830704969998095,
    "alpha_ratio": 0.8932791161869236,
    "x_position": 0.0,
    "y_position": 0.0,
    "z_position": -5.1,
    "used_indices": [
        1,
        2,
        3,
        4,
        5,
        6,
        7,
        8,
        9
    ],
    "freq_range_min": 11.3136779958818,
    "freq_range_max": 33.94085932321633,
    "kd_min": 1.0912307720304157,
    "kd_max": 3.2736754692974945
}