{
    "metadata": {
        "試料厚": 26.5,
        "熱拡散率(位相)": 7.72546957e-08,
        "熱拡散率(振幅)": 5.91634899e-08,
        "ヒーター印加電圧": 1.5,
        "切片": 4.06093207,
        "Y position": 0.0,
        "z_pos": 2.0
    },
    "filepath": "c:\\Users\\soeda\\TWA_analyzer\\data_raw\\0213_R7\\step_z2_R7.txt",
    "dataframe": {
        "index": [
            0,
            1,
            2,
            3,
            4,
            5,
            6,
            7,
            8,
            9,
            10,
            11,
            12,
            13,
            14,
            15,
            16,
            17,
            18,
            19
        ],
        "columns": [
            "sqrt_TW_freq",
            "amp",
            "amp_sigma",
            "theta",
            "theta_sigma",
            "DCV",
            "DCV_sigma",
            "decay_ratio"
        ],
        "data": [
            [
                6.32455532,
                3.61563036e-05,
                1.0599e-07,
                3.0609916,
                0.00191547401,
                0.0,
                0.0,
                -8.38321953
            ],
            [
                6.79980777,
                2.97380715e-05,
                1.51689593e-07,
                2.94083946,
                0.00191486134,
                0.0,
                0.0,
                -8.50618812
            ],
            [
                7.41648866,
                2.52838458e-05,
                1.2918298e-07,
                2.80808663,
                0.00154592474,
                0.0,
                0.0,
                -8.58163916
            ],
            [
                7.89174111,
                2.22463377e-05,
                6.08066637e-08,
                2.72864994,
                0.00202108797,
                0.0,
                0.0,
                -8.64751638
            ],
            [
                8.36699356,
                1.85235823e-05,
                2.03645066e-07,
                2.58333203,
                0.00380057894,
                0.0,
                0.0,
                -8.77217129
            ],
            [
                8.84224602,
                1.714788e-05,
                1.39852536e-08,
                2.56679807,
                0.000728715424,
                0.0,
                0.0,
                -8.79409509
            ],
            [
                9.31749847,
                1.57847526e-05,
                1.0298062e-07,
                2.50333428,
                0.0017437251,
                0.0,
                0.0,
                -8.82457192
            ],
            [
                9.79275092,
                1.25451582e-05,
                4.97218313e-08,
                2.37090378,
                0.00414301178,
                0.0,
                0.0,
                -9.00453336
            ],
            [
                10.3680046,
                1.09614618e-05,
                4.14750081e-08,
                2.22717382,
                0.00871638986,
                0.0,
                0.0,
                -9.08240032
            ],
            [
                10.8432571,
                9.20886345e-06,
                6.42663709e-08,
                2.22801793,
                0.00336396335,
                0.0,
                0.0,
                -9.2118007
            ],
            [
                11.3185095,
                8.37276875e-06,
                1.81585234e-08,
                2.16908893,
                0.00256622452,
                0.0,
                0.0,
                -9.26408654
            ],
            [
                11.793762,
                7.13967187e-06,
                9.91759834e-08,
                1.91838182,
                0.00666790089,
                0.0,
                0.0,
                -9.38227299
            ],
            [
                12.3506645,
                5.80812875e-06,
                5.1446046e-08,
                1.88005835,
                0.00607540191,
                0.0,
                0.0,
                -9.54254224
            ],
            [
                12.825917,
                5.61049935e-06,
                6.13499834e-08,
                2.15983701,
                0.00714614577,
                0.0,
                0.0,
                -9.53940294
            ],
            [
                13.3011695,
                5.22272237e-06,
                2.22630645e-08,
                1.71855176,
                0.00385856039,
                0.0,
                0.0,
                -9.5746398
            ],
            [
                13.7764219,
                4.18634146e-06,
                2.78285193e-08,
                1.72476758,
                0.0255969633,
                0.0,
                0.0,
                -9.76072479
            ],
            [
                14.3223853,
                3.19498255e-06,
                1.62801288e-08,
                1.93412165,
                0.014404146,
                0.0,
                0.0,
                -9.99210521
            ],
            [
                14.7976377,
                2.83050247e-06,
                8.06351051e-08,
                1.53738194,
                0.0174392964,
                0.0,
                0.0,
                -10.0805888
            ],
            [
                15.2728902,
                2.97628055e-06,
                4.48926435e-08,
                1.43575772,
                0.029484556,
                0.0,
                0.0,
                -9.9987568
            ],
            [
                15.7481426,
                2.25345887e-06,
                4.66742937e-08,
                1.29643664,
                0.029361341,
                0.0,
                0.0,
                -10.2463218
            ]
        ]
    }
}