{
    "filename": "c:\\Users\\soeda\\TWA_analyzer\\data_raw\\0213_R7\\step_z2_R7.txt",
    "samplename": null,
    "thickness_um": 26.5,
    "alpha_phase": 7.972021374693916e-08,
    "r2_phase": 0.9109572541574247,
    "slope_phase": -0.1663552774813118,
    "intercept_phase": 4.017322187355369,
    "alpha_amp": 6.648950546947166e-08,
    "r2_amp": 0.9856419931382109,
    "slope_amp": -0.18215632628753478,
    "intercept_amp": -7.210352262352369,
    "alpha_ratio": 0.8340357149635027,
    "x_position": null,
    "y_position": null,
    "z_position": 2.0,
    "used_indices": [
        2,
        3,
        4,
        5,
        6,
        7,
        8,
        9,
        10,
        11,
        12,
        13,
        14
    ],
    "freq_range_min": 7.41648866,
    "freq_range_max": 13.3011695,
    "kd_min": 1.2337720289713021,
    "kd_max": 2.2127197429984613
}