{
    "filename": "d:\\0209_fix_d\\step_zm3_R3.txt",
    "samplename": null,
    "thickness_um": 50.0,
    "alpha_phase": 4.260591424693076e-07,
    "r2_phase": 0.9941782282039102,
    "slope_phase": -0.13577193146029726,
    "intercept_phase": -2.2457673593140433,
    "alpha_amp": 4.248623289416539e-07,
    "r2_amp": 0.9937343914385889,
    "slope_amp": -0.13596302796399304,
    "intercept_amp": -6.849391248691743,
    "alpha_ratio": 0.9971909685572822,
    "x_position": null,
    "y_position": null,
    "z_position": -3.0,
    "used_indices": [
        5,
        6,
        7,
        8,
        9,
        10,
        11,
        13,
        14,
        15,
        16,
        17,
        18,
        19,
        20,
        21,
        22,
        23,
        24,
        25,
        26,
        27,
        28,
        29,
        30,
        31,
        32,
        33,
        34,
        35,
        36,
        37
    ],
    "freq_range_min": 7.80972494,
    "freq_range_max": 16.7252765,
    "kd_min": 1.0603414392774542,
    "kd_max": 2.2708230946125205
}