{
    "filename": "d:\\0209_fix_d\\step_zm3_R3.txt",
    "samplename": null,
    "thickness_um": 26.0688,
    "alpha_phase": 1.1582107836422593e-07,
    "r2_phase": 0.9943458297145883,
    "slope_phase": -0.13576948618585727,
    "intercept_phase": -2.2458040930602783,
    "alpha_amp": 1.1555634820383551e-07,
    "r2_amp": 0.9939089280959662,
    "slope_amp": -0.13592491562245748,
    "intercept_amp": -6.849963785278835,
    "alpha_ratio": 0.9977143179451505,
    "x_position": null,
    "y_position": null,
    "z_position": -3.0,
    "used_indices": [
        5,
        6,
        7,
        8,
        9,
        10,
        11,
        12,
        13,
        14,
        15,
        16,
        17,
        18,
        19,
        20,
        21,
        22,
        23,
        24,
        25,
        26,
        27,
        28,
        29,
        30,
        31,
        32,
        33,
        34,
        35,
        36,
        37
    ],
    "freq_range_min": 7.80972494,
    "freq_range_max": 16.7252765,
    "kd_min": 1.060322342356675,
    "kd_max": 2.2707821967213926
}