{
    "filename": "c:\\Users\\soeda\\TWA_analyzer\\output\\z_sweep_test_0422_2105\\pos_sammarized\\x0,y0,zm6.csv",
    "samplename": null,
    "thickness_um": 50.0,
    "alpha_phase": 8.458132344502854e-07,
    "r2_phase": 0.9956717981787138,
    "slope_phase": -0.09636242098007097,
    "intercept_phase": 3.9033619892409197,
    "alpha_amp": 8.114043420300844e-07,
    "r2_amp": 0.943868672829699,
    "slope_amp": -0.0983844080595905,
    "intercept_amp": -6.692580704926677,
    "alpha_ratio": 0.9593185693735755,
    "x_position": 0.0,
    "y_position": 0.0,
    "z_position": -6.0,
    "used_indices": [
        1,
        2,
        3,
        4,
        5,
        6,
        7,
        8,
        9
    ],
    "freq_range_min": 11.313679061873938,
    "freq_range_max": 33.94111464844207,
    "kd_min": 1.090213504593711,
    "kd_max": 3.2706479782860285
}