{
    "metadata": {
        "x_pos": 0.0,
        "y_pos": 0.0,
        "z_pos": -3.3
    },
    "filepath": "c:\\Users\\soeda\\TWA_analyzer\\output\\z_sweep_test_0422_2105\\pos_sammarized\\x0,y0,zm3p3.csv",
    "dataframe": {
        "index": [
            0,
            1,
            2,
            3,
            4,
            5,
            6,
            7,
            8,
            9
        ],
        "columns": [
            "sqrt_TW_freq",
            "theta",
            "theta_sigma",
            "amp",
            "amp_sigma"
        ],
        "data": [
            [
                8.485236312930775,
                2.9516702574823,
                0.3062244873382866,
                3.596156075447272e-05,
                1.1701478121940198e-05
            ],
            [
                11.313684700036204,
                2.732427719306153,
                0.1286479393616337,
                2.7716981488433333e-05,
                6.606003568943275e-06
            ],
            [
                14.352720107811155,
                2.410541936772916,
                0.1253955977055101,
                1.46155538762e-05,
                3.5184141922928497e-06
            ],
            [
                16.97049192664039,
                2.0741138822430365,
                0.1104316210940882,
                8.167673900080001e-06,
                1.61937629178961e-06
            ],
            [
                19.79892340149248,
                1.847915430589044,
                0.1031392857285783,
                4.928654243486667e-06,
                8.541001298426729e-07
            ],
            [
                22.62713892819859,
                1.515613386561801,
                0.0951390668787724,
                3.058971723626666e-06,
                6.013116368079188e-07
            ],
            [
                25.455711929882582,
                1.268925604574363,
                0.1139124002369276,
                1.9429390836933334e-06,
                2.326848171356856e-07
            ],
            [
                28.3897665937834,
                0.848312762829863,
                0.106146852446262,
                1.326995792771833e-06,
                2.697170570907596e-07
            ],
            [
                31.11259350184178,
                0.8308294580734117,
                0.1342923120452772,
                8.824047469381357e-07,
                8.2462572491992e-08
            ],
            [
                33.94099902847322,
                0.5419552048306838,
                0.1185037678530608,
                1.1153383238208198e-06,
                2.976886365581204e-06
            ]
        ]
    }
}