{
    "filename": "c:\\Users\\soeda\\TWA_analyzer\\output\\z_sweep_test_0422_2105\\pos_sammarized\\x0,y0,zm3p3.csv",
    "samplename": null,
    "thickness_um": 50.0,
    "alpha_phase": 8.232386312661891e-07,
    "r2_phase": 0.9892837755481302,
    "slope_phase": -0.09767469633968465,
    "intercept_phase": 3.776951638044238,
    "alpha_amp": 7.071718793204792e-07,
    "r2_amp": 0.9375356627648261,
    "slope_amp": -0.10538588558450392,
    "intercept_amp": -7.058314570453146,
    "alpha_ratio": 0.8590120196774629,
    "x_position": 0.0,
    "y_position": 0.0,
    "z_position": -3.3,
    "used_indices": [
        1,
        2,
        3,
        4,
        5,
        6,
        7,
        8,
        9
    ],
    "freq_range_min": 11.313684700036204,
    "freq_range_max": 33.94099902847322,
    "kd_min": 1.1050607175589724,
    "kd_max": 3.3151767735716535
}