{
    "filename": "c:\\Users\\soeda\\TWA_analyzer\\data_raw\\z_freq_sweep_test0422_20260422_210553\\data_1_pos_freq_summary\\x0,y0,zm3p3.csv",
    "samplename": null,
    "thickness_um": 50.0,
    "alpha_phase": 8.638327887664426e-07,
    "r2_phase": 0.9858436442837444,
    "slope_phase": -0.09535206401806326,
    "intercept_phase": 3.7134531289697508,
    "alpha_amp": 8.118344482770589e-07,
    "r2_amp": 0.9149448844207716,
    "slope_amp": -0.0983583427979108,
    "intercept_amp": -7.250440756441261,
    "alpha_ratio": 0.9398050859314595,
    "x_position": null,
    "y_position": null,
    "z_position": null,
    "used_indices": [
        2,
        3,
        4,
        5,
        6,
        7,
        8,
        9
    ],
    "freq_range_min": 14.352720107811155,
    "freq_range_max": 33.94099902847322,
    "kd_min": 1.368561486553353,
    "kd_max": 3.2363443122000017
}