{
    "metadata": {
        "試料厚": 26.5,
        "熱拡散率(位相)": 1.0990763e-07,
        "熱拡散率(振幅)": 9.82014799e-08,
        "ヒーター印加電圧": 1.5,
        "切片": -2.2721727,
        "Y position": 0.0
    },
    "filepath": "c:\\Users\\soeda\\TWA_analyzer\\data_raw\\0214_R1.5\\step_zm2_R1.5.txt",
    "dataframe": {
        "index": [
            0,
            1,
            2,
            3,
            4,
            5,
            6,
            7,
            8,
            9,
            10,
            11,
            12,
            13,
            14,
            15,
            16,
            17,
            18,
            19
        ],
        "columns": [
            "sqrt_TW_freq",
            "amp",
            "amp_sigma",
            "theta",
            "theta_sigma",
            "DCV",
            "DCV_sigma",
            "decay_ratio"
        ],
        "data": [
            [
                6.32455532,
                4.25142125e-05,
                1.60370011e-07,
                -3.0874348,
                0.000734106301,
                0.0,
                0.0,
                -8.2212324
            ],
            [
                6.79980777,
                3.62348579e-05,
                2.36872072e-08,
                -3.185101257179586,
                9.40625073e-05,
                0.0,
                0.0,
                -8.30859463
            ],
            [
                7.41648866,
                2.99789214e-05,
                4.45254587e-08,
                -3.304410817179586,
                0.000711969293,
                0.0,
                0.0,
                -8.41131032
            ],
            [
                7.89174111,
                2.77530517e-05,
                3.93452857e-08,
                -3.3808077771795864,
                0.00119232889,
                0.0,
                0.0,
                -8.42634797
            ],
            [
                8.36699356,
                2.3709112e-05,
                2.5245335e-08,
                -3.4705976871795863,
                0.000939456949,
                0.0,
                0.0,
                -8.52535648
            ],
            [
                8.84224602,
                2.0494558e-05,
                1.80121769e-08,
                -3.552394977179586,
                0.00126011518,
                0.0,
                0.0,
                -8.61581025
            ],
            [
                9.31749847,
                1.8739205e-05,
                2.20386223e-08,
                -3.600582437179586,
                0.00316961102,
                0.0,
                0.0,
                -8.65299852
            ],
            [
                9.79275092,
                1.62551923e-05,
                2.10223469e-08,
                -3.6687017971795863,
                0.00224116631,
                0.0,
                0.0,
                -8.74545577
            ],
            [
                10.3680046,
                1.40618262e-05,
                9.33183744e-08,
                -3.7559094371795863,
                0.00243196744,
                0.0,
                0.0,
                -8.83332221
            ],
            [
                10.8432571,
                1.21521373e-05,
                8.28289504e-09,
                -3.823731967179586,
                0.000725119431,
                0.0,
                0.0,
                -8.93446208
            ],
            [
                11.3185095,
                1.14619574e-05,
                1.77444527e-08,
                -3.9133744671795863,
                0.00037565303,
                0.0,
                0.0,
                -8.95003767
            ],
            [
                11.793762,
                9.55353644e-06,
                4.67821257e-08,
                -4.028739657179586,
                0.00895284742,
                0.0,
                0.0,
                -9.09102842
            ],
            [
                12.3506645,
                8.83607964e-06,
                6.94895602e-09,
                -4.045682297179586,
                0.0026844139,
                0.0,
                0.0,
                -9.12295739
            ],
            [
                12.825917,
                7.42514486e-06,
                4.37646463e-08,
                -4.164887797179587,
                0.00263189656,
                0.0,
                0.0,
                -9.25917047
            ],
            [
                13.3011695,
                7.27323393e-06,
                5.37722257e-09,
                -4.185925467179587,
                0.00145397432,
                0.0,
                0.0,
                -9.24345757
            ],
            [
                13.7764219,
                6.48291718e-06,
                1.4980335e-08,
                -4.246986507179586,
                0.0167789853,
                0.0,
                0.0,
                -9.32338139
            ],
            [
                14.3223853,
                5.73586071e-06,
                7.78317795e-08,
                -4.311439217179586,
                0.00538343034,
                0.0,
                0.0,
                -9.40694902
            ],
            [
                14.7976377,
                5.08695055e-06,
                3.71775892e-08,
                -4.341708107179587,
                0.00127825542,
                0.0,
                0.0,
                -9.49436446
            ],
            [
                15.2728902,
                4.99999873e-06,
                5.36307847e-08,
                -4.397895487179587,
                0.015097836,
                0.0,
                0.0,
                -9.47999353
            ],
            [
                15.7481426,
                3.80003241e-06,
                7.33250698e-08,
                -4.355011327179586,
                0.00459325005,
                0.0,
                0.0,
                -9.72377853
            ]
        ]
    }
}