{
    "filename": "c:\\Users\\soeda\\TWA_analyzer\\data_raw\\0214_R1.5\\step_zm2_R1.5.txt",
    "samplename": null,
    "thickness_um": 26.5,
    "alpha_phase": 9.746455146660017e-08,
    "r2_phase": 0.9951475256926091,
    "slope_phase": -0.15045182703608617,
    "intercept_phase": -2.203211153334061,
    "alpha_amp": 9.653166423053641e-08,
    "r2_amp": 0.9917861817102931,
    "slope_amp": -0.15117706636721345,
    "intercept_amp": -7.266416796833184,
    "alpha_ratio": 0.9904284458090031,
    "x_position": null,
    "y_position": null,
    "z_position": -2.0,
    "used_indices": [
        2,
        3,
        4,
        5,
        6,
        7,
        8,
        9,
        10,
        11,
        12,
        13,
        14,
        15
    ],
    "freq_range_min": 7.41648866,
    "freq_range_max": 13.7764219,
    "kd_min": 1.1158242690894142,
    "kd_max": 2.0726878448749497
}