{
    "filename": "c:\\Users\\soeda\\TWA_analyzer\\data_raw\\0122_raugh_sensor\\x_scan\\0122_x15um_15step.txt",
    "samplename": null,
    "thickness_um": 50.0,
    "alpha_phase": 8.32908089580607e-07,
    "r2_phase": 0.9897848964513247,
    "slope_phase": -0.09710607504043309,
    "intercept_phase": -0.09409890185237102,
    "alpha_amp": 1.572908130743772e-07,
    "r2_amp": 0.9798182617472239,
    "slope_amp": -0.22345663884508501,
    "intercept_amp": -9.520822809909902,
    "alpha_ratio": 0.18884534205157932,
    "x_position": -15.0,
    "y_position": null,
    "z_position": null,
    "used_indices": [
        3,
        4,
        5,
        6,
        7,
        8,
        9
    ],
    "freq_range_min": 12.1869058,
    "freq_range_max": 20.9402006,
    "kd_min": 1.1834225891254895,
    "kd_max": 2.0334206908253223
}