{
    "metadata": {},
    "filepath": "c:\\Users\\soeda\\TWA_analyzer\\output\\sammary_z_sweep\\x0,y0,z0.csv",
    "dataframe": {
        "index": [
            0,
            1,
            2,
            3,
            4,
            5,
            6,
            7,
            8,
            9,
            10
        ],
        "columns": [
            "sqrt_TW_freq",
            "theta",
            "theta_sigma",
            "amp",
            "amp_sigma"
        ],
        "data": [
            [
                4.472043404362261,
                -2.8631788690045306,
                0.0001752360318754,
                0.00014529064356,
                1.8275750000000144e-07
            ],
            [
                8.48526481519581,
                -3.1338650069987666,
                0.2256139007738867,
                7.551411787666666e-05,
                3.756881186326936e-05
            ],
            [
                11.31389340412928,
                -3.662208548089054,
                0.0784948218657219,
                2.41295752858e-05,
                6.050416035213822e-06
            ],
            [
                14.352398959755822,
                -3.887233683576047,
                0.1158808648162054,
                1.295375022915e-05,
                3.162137545849999e-06
            ],
            [
                16.97073762893057,
                -4.308336576669438,
                0.2116484164012968,
                9.66580728365e-06,
                3.0924798013500003e-06
            ],
            [
                19.79857608799178,
                -4.473510972296951,
                0.2023850973158056,
                4.31787109392e-06,
                1.0214630300450556e-06
            ],
            [
                22.627307753022677,
                -4.07952643102849,
                1.4901161193847656e-08,
                4.7313501454e-06,
                0.0
            ],
            [
                25.455815350524524,
                -4.3363260002993895,
                0.0,
                3.6283754525e-06,
                0.0
            ],
            [
                28.390049375881684,
                -3.104710413224763,
                1.5771133631234024,
                2.78355105365e-06,
                1.425177348549148e-06
            ],
            [
                31.11253260440236,
                -2.320571514864224,
                0.0,
                7.6021831319e-07,
                0.0
            ],
            [
                33.94092840627669,
                -0.2557600743077003,
                2.070604030523337,
                1.7914527120480002e-06,
                5.137416945898398e-07
            ]
        ]
    }
}