{
    "filename": "c:\\Users\\soeda\\TWA_analyzer\\output\\sammary_z_sweep\\x0,y0,z0.csv",
    "samplename": null,
    "thickness_um": 50.0,
    "alpha_phase": 2.816393573446866e-06,
    "r2_phase": 0.16960226120612637,
    "slope_phase": 0.05280782351873247,
    "intercept_phase": -4.352752480712903,
    "alpha_amp": 8.41206364739606e-07,
    "r2_amp": 0.8631084652582911,
    "slope_amp": -0.0966259252762857,
    "intercept_amp": -6.98619353019151,
    "alpha_ratio": 0.2986821063187162,
    "x_position": null,
    "y_position": null,
    "z_position": null,
    "used_indices": [
        0,
        1,
        2,
        3,
        4,
        5,
        6,
        7,
        8,
        9,
        10
    ],
    "freq_range_min": 4.472043404362261,
    "freq_range_max": 33.94092840627669,
    "kd_min": 0.23615887886567385,
    "kd_max": 1.7923465573405932
}