{
    "metadata": {
        "試料厚": 26.5,
        "熱拡散率(位相)": 9.28700381e-08,
        "熱拡散率(振幅)": 8.07171034e-08,
        "ヒーター印加電圧": 1.5,
        "切片": 3.89227058,
        "Y position": 0.0
    },
    "filepath": "c:\\Users\\soeda\\TWA_analyzer\\data_raw\\0214_R1.5\\step_z1_R1.5.txt",
    "dataframe": {
        "index": [
            0,
            1,
            2,
            3,
            4,
            5,
            6,
            7,
            8,
            9,
            10,
            11,
            12,
            13,
            14,
            15,
            16,
            17,
            18,
            19
        ],
        "columns": [
            "sqrt_TW_freq",
            "amp",
            "amp_sigma",
            "theta",
            "theta_sigma",
            "DCV",
            "DCV_sigma",
            "decay_ratio"
        ],
        "data": [
            [
                6.32455532,
                3.01825462e-05,
                1.01061001e-07,
                2.98996265,
                0.00246218067,
                0.0,
                0.0,
                -8.56380701
            ],
            [
                6.79980777,
                2.61347797e-05,
                2.34550502e-08,
                2.90514126,
                0.00139406393,
                0.0,
                0.0,
                -8.63534923
            ],
            [
                7.41648866,
                2.22888992e-05,
                1.17841034e-08,
                2.75500184,
                0.00167031124,
                0.0,
                0.0,
                -8.70771608
            ],
            [
                7.89174111,
                1.82240703e-05,
                3.66749469e-08,
                2.69292221,
                0.00335760894,
                0.0,
                0.0,
                -8.84695051
            ],
            [
                8.36699356,
                1.62502213e-05,
                1.24210987e-08,
                2.58285885,
                0.0030436515,
                0.0,
                0.0,
                -8.9031094
            ],
            [
                8.84224602,
                1.4399389e-05,
                5.70124618e-09,
                2.51072669,
                0.00194898539,
                0.0,
                0.0,
                -8.96878387
            ],
            [
                9.31749847,
                1.27601818e-05,
                1.84842413e-08,
                2.47119068,
                0.00336192922,
                0.0,
                0.0,
                -9.03728684
            ],
            [
                9.79275092,
                1.10149239e-05,
                6.11019577e-08,
                2.32306418,
                0.000633376924,
                0.0,
                0.0,
                -9.13461708
            ],
            [
                10.3680046,
                9.54701932e-06,
                3.14594289e-08,
                2.25767282,
                0.000989024831,
                0.0,
                0.0,
                -9.22055698
            ],
            [
                10.8432571,
                8.03696129e-06,
                3.90844275e-08,
                2.15287783,
                0.00209850902,
                0.0,
                0.0,
                -9.34791608
            ],
            [
                11.3185095,
                7.22992133e-06,
                2.44532325e-08,
                2.08115497,
                0.00581898005,
                0.0,
                0.0,
                -9.41084301
            ],
            [
                11.793762,
                6.10225003e-06,
                3.71849937e-08,
                2.08533748,
                0.00242794569,
                0.0,
                0.0,
                -9.53928225
            ],
            [
                12.3506645,
                5.62372946e-06,
                3.79458221e-08,
                1.90975267,
                0.00534344857,
                0.0,
                0.0,
                -9.57480564
            ],
            [
                12.825917,
                5.51111913e-06,
                1.90704228e-08,
                1.9415539,
                0.00694960325,
                0.0,
                0.0,
                -9.55727496
            ],
            [
                13.3011695,
                4.93316138e-06,
                3.12224665e-08,
                1.89586549,
                0.0187611685,
                0.0,
                0.0,
                -9.63167856
            ],
            [
                13.7764219,
                3.86233039e-06,
                4.00875796e-08,
                1.678396,
                0.00603850795,
                0.0,
                0.0,
                -9.84128126
            ],
            [
                14.3223853,
                3.30946055e-06,
                2.40097373e-08,
                1.73056906,
                0.0131906205,
                0.0,
                0.0,
                -9.95690164
            ],
            [
                14.7976377,
                3.38680491e-06,
                5.5324102e-08,
                1.64572115,
                0.00696962154,
                0.0,
                0.0,
                -9.90115603
            ],
            [
                15.2728902,
                2.91946358e-06,
                1.54614102e-08,
                1.64296756,
                0.00492928831,
                0.0,
                0.0,
                -10.0180313
            ],
            [
                15.7481426,
                2.49946325e-06,
                1.88563329e-08,
                1.45770173,
                0.0104105009,
                0.0,
                0.0,
                -10.1427121
            ]
        ]
    }
}