{
    "filename": "c:\\Users\\soeda\\TWA_analyzer\\data_raw\\0214_R1.5\\step_z1_R1.5.txt",
    "samplename": null,
    "thickness_um": 26.5,
    "alpha_phase": 9.79933828013378e-08,
    "r2_phase": 0.9798845412140752,
    "slope_phase": -0.15004531349308825,
    "intercept_phase": 3.8302471350298286,
    "alpha_amp": 8.301899249364598e-08,
    "r2_amp": 0.9821846143762326,
    "slope_amp": -0.16301669387695092,
    "intercept_amp": -7.544963154031992,
    "alpha_ratio": 0.8471897807829593,
    "x_position": null,
    "y_position": null,
    "z_position": 1.0,
    "used_indices": [
        3,
        4,
        5,
        6,
        7,
        8,
        9,
        10,
        11,
        12,
        13,
        14,
        15,
        16,
        17
    ],
    "freq_range_min": 7.89174111,
    "freq_range_max": 14.7976377,
    "kd_min": 1.184118768856242,
    "kd_max": 2.2203161876536415
}