{
    "z_position_um_mean": -2.0,
    "convergence_settings": {
        "average_count": 30,
        "duration_used_sec": 30.0
    },
    "results": {
        "R_V": {
            "mean": 9.513232089373335e-06,
            "std": 1.6380586666855497e-07
        },
        "Theta_deg": {
            "mean": -11.564018154100001,
            "std": 0.37022219566692427
        },
        "Frequency_Hz": {
            "mean": 31.999706268366666
        }
    },
    "timestamp": "2026-02-13T22:28:16.373722"
}