{
    "z_position_um_mean": 2.2999999999999994,
    "convergence_settings": {
        "average_count": 30,
        "duration_used_sec": 30.0
    },
    "results": {
        "R_V": {
            "mean": 7.992488523689999e-06,
            "std": 1.2532280615573108e-07
        },
        "Theta_deg": {
            "mean": -23.982717577600003,
            "std": 2.597247664986211
        },
        "Frequency_Hz": {
            "mean": 31.999700291933326
        }
    },
    "timestamp": "2026-02-13T19:03:55.888877"
}