{
    "z_position_um_mean": 1.7999999999999996,
    "convergence_settings": {
        "average_count": 30,
        "duration_used_sec": 30.0
    },
    "results": {
        "R_V": {
            "mean": 8.659175910003333e-06,
            "std": 4.0636466921041213e-07
        },
        "Theta_deg": {
            "mean": -17.117968432233333,
            "std": 1.4656496525220115
        },
        "Frequency_Hz": {
            "mean": 31.999838129699995
        }
    },
    "timestamp": "2026-02-13T19:48:46.765046"
}