{
    "z_position_um_mean": -1.2999999999999996,
    "convergence_settings": {
        "average_count": 30,
        "duration_used_sec": 30.0
    },
    "results": {
        "R_V": {
            "mean": 9.82214184362667e-06,
            "std": 2.1146107015728465e-07
        },
        "Theta_deg": {
            "mean": -14.392731189633333,
            "std": 1.6709775048573483
        },
        "Frequency_Hz": {
            "mean": 31.999734242733332
        }
    },
    "timestamp": "2026-02-13T22:20:41.317253"
}