{
    "z_position_um_mean": -1.3999999999999995,
    "convergence_settings": {
        "average_count": 30,
        "duration_used_sec": 30.0
    },
    "results": {
        "R_V": {
            "mean": 1.0293399858066667e-05,
            "std": 1.420531239483254e-07
        },
        "Theta_deg": {
            "mean": -16.543158245166666,
            "std": 0.7172722750069828
        },
        "Frequency_Hz": {
            "mean": 31.999830373233337
        }
    },
    "timestamp": "2026-02-13T22:21:46.364240"
}