{
    "z_position_um_mean": 2.4000000000000004,
    "convergence_settings": {
        "average_count": 30,
        "duration_used_sec": 30.0
    },
    "results": {
        "R_V": {
            "mean": 7.530554648836667e-06,
            "std": 2.0481103630978678e-07
        },
        "Theta_deg": {
            "mean": -17.73695373533333,
            "std": 1.5695146828346778
        },
        "Frequency_Hz": {
            "mean": 31.999698003200002
        }
    },
    "timestamp": "2026-02-13T19:02:51.780877"
}