{
    "z_position_um_mean": 1.3999999999999995,
    "convergence_settings": {
        "average_count": 30,
        "duration_used_sec": 30.0
    },
    "results": {
        "R_V": {
            "mean": 9.258206076383331e-06,
            "std": 1.73551921663954e-07
        },
        "Theta_deg": {
            "mean": -19.570379066566662,
            "std": 1.0807638702640883
        },
        "Frequency_Hz": {
            "mean": 31.999639193266663
        }
    },
    "timestamp": "2026-02-13T19:53:06.854584"
}