{
    "z_position_um_mean": 1.8999999999999995,
    "convergence_settings": {
        "average_count": 30,
        "duration_used_sec": 30.0
    },
    "results": {
        "R_V": {
            "mean": 9.162291219876667e-06,
            "std": 2.813220741494205e-07
        },
        "Theta_deg": {
            "mean": -20.185016441333335,
            "std": 1.5386715076747954
        },
        "Frequency_Hz": {
            "mean": 31.999964078300007
        }
    },
    "timestamp": "2026-02-13T19:47:41.978274"
}