{
    "z_position_um_mean": 1.6000000000000005,
    "convergence_settings": {
        "average_count": 30,
        "duration_used_sec": 30.0
    },
    "results": {
        "R_V": {
            "mean": 9.06080125181e-06,
            "std": 5.186746997626198e-08
        },
        "Theta_deg": {
            "mean": -17.662613264733334,
            "std": 0.9473506307799778
        },
        "Frequency_Hz": {
            "mean": 31.999868456466665
        }
    },
    "timestamp": "2026-02-13T19:50:58.174625"
}