{
    "z_position_um_mean": 0.8000000000000003,
    "convergence_settings": {
        "average_count": 30,
        "duration_used_sec": 30.0
    },
    "results": {
        "R_V": {
            "mean": 9.263441218843334e-06,
            "std": 1.145919222084453e-07
        },
        "Theta_deg": {
            "mean": -13.310302130299998,
            "std": 1.709574715357239
        },
        "Frequency_Hz": {
            "mean": 31.99997952786666
        }
    },
    "timestamp": "2026-02-13T20:38:20.898728"
}