{
    "z_position_um_mean": 1.1000000000000003,
    "convergence_settings": {
        "average_count": 20,
        "duration_used_sec": 20.0
    },
    "results": {
        "R_V": {
            "mean": 3.641194416565e-05,
            "std": 1.8591552364568713e-07
        },
        "Theta_deg": {
            "mean": 161.285020446,
            "std": 0.3977132616313314
        },
        "Frequency_Hz": {
            "mean": 32.00000963205
        }
    },
    "timestamp": "2026-02-09T14:47:46.110398"
}