{
    "z_position_um_mean": -1.1999999999999997,
    "convergence_settings": {
        "average_count": 20,
        "duration_used_sec": 20.0
    },
    "results": {
        "R_V": {
            "mean": 4.503246746035e-05,
            "std": 6.136584266989895e-08
        },
        "Theta_deg": {
            "mean": 168.72827758800003,
            "std": 0.22613088190782557
        },
        "Frequency_Hz": {
            "mean": 31.99983882905
        }
    },
    "timestamp": "2026-02-09T19:28:55.259319"
}