{
    "z_position_um_mean": -1.6000000000000003,
    "convergence_settings": {
        "average_count": 20,
        "duration_used_sec": 20.0
    },
    "results": {
        "R_V": {
            "mean": 4.5198762382050004e-05,
            "std": 8.586104845069802e-08
        },
        "Theta_deg": {
            "mean": 169.7741615295,
            "std": 0.1523567575076372
        },
        "Frequency_Hz": {
            "mean": 31.999936580650008
        }
    },
    "timestamp": "2026-02-09T19:36:55.153974"
}