{
    "z_position_um_mean": 0.8000000000000002,
    "convergence_settings": {
        "average_count": 20,
        "duration_used_sec": 20.0
    },
    "results": {
        "R_V": {
            "mean": 4.161251526975e-05,
            "std": 1.0540728048945101e-07
        },
        "Theta_deg": {
            "mean": 167.2180244455,
            "std": 0.31372607122558516
        },
        "Frequency_Hz": {
            "mean": 31.9999959945
        }
    },
    "timestamp": "2026-02-09T16:08:38.766274"
}