{
    "z_position_um_mean": 2.7000000000000006,
    "convergence_settings": {
        "average_count": 20,
        "duration_used_sec": 20.0
    },
    "results": {
        "R_V": {
            "mean": 2.8490670683950004e-05,
            "std": 2.4659245714887743e-07
        },
        "Theta_deg": {
            "mean": 152.520726775,
            "std": 0.52536942003902
        },
        "Frequency_Hz": {
            "mean": 31.999874019700002
        }
    },
    "timestamp": "2026-02-09T13:56:27.183761"
}