{
    "z_position_um_mean": 2.3999999999999995,
    "convergence_settings": {
        "average_count": 20,
        "duration_used_sec": 20.0
    },
    "results": {
        "R_V": {
            "mean": 3.0239039551750004e-05,
            "std": 1.1181015728110784e-07
        },
        "Theta_deg": {
            "mean": 154.326980591,
            "std": 0.1298311198475843
        },
        "Frequency_Hz": {
            "mean": 31.999835014349998
        }
    },
    "timestamp": "2026-02-09T14:02:27.154059"
}