{
    "z_position_um_mean": -1.1000000000000003,
    "convergence_settings": {
        "average_count": 20,
        "duration_used_sec": 20.0
    },
    "results": {
        "R_V": {
            "mean": 4.401509977475e-05,
            "std": 1.0156702936769554e-07
        },
        "Theta_deg": {
            "mean": 170.326047516,
            "std": 0.2363406004617219
        },
        "Frequency_Hz": {
            "mean": 31.999869346699995
        }
    },
    "timestamp": "2026-02-09T19:26:55.354963"
}