{
    "z_position_um_mean": 0.5,
    "convergence_settings": {
        "average_count": 20,
        "duration_used_sec": 20.0
    },
    "results": {
        "R_V": {
            "mean": 4.228854013495e-05,
            "std": 1.0668487088035268e-07
        },
        "Theta_deg": {
            "mean": 168.1312072755,
            "std": 0.1262670870292083
        },
        "Frequency_Hz": {
            "mean": 31.99986515045
        }
    },
    "timestamp": "2026-02-09T16:14:38.704836"
}