{
    "z_position_um_mean": -1.7999999999999996,
    "convergence_settings": {
        "average_count": 20,
        "duration_used_sec": 20.0
    },
    "results": {
        "R_V": {
            "mean": 4.518326732055e-05,
            "std": 8.63094012238374e-08
        },
        "Theta_deg": {
            "mean": 170.20909347549997,
            "std": 0.0718078060538553
        },
        "Frequency_Hz": {
            "mean": 31.99985179905
        }
    },
    "timestamp": "2026-02-09T19:40:55.148212"
}