{
    "z_position_um_mean": -1.0,
    "convergence_settings": {
        "average_count": 20,
        "duration_used_sec": 20.0
    },
    "results": {
        "R_V": {
            "mean": 4.363849839134999e-05,
            "std": 1.5336878006545275e-07
        },
        "Theta_deg": {
            "mean": 169.7635276795,
            "std": 0.09029127194612549
        },
        "Frequency_Hz": {
            "mean": 31.99982051845
        }
    },
    "timestamp": "2026-02-09T17:33:07.492525"
}