{
    "z_position_um_mean": 1.6000000000000003,
    "convergence_settings": {
        "average_count": 20,
        "duration_used_sec": 20.0
    },
    "results": {
        "R_V": {
            "mean": 3.44338992363e-05,
            "std": 1.1176496366503126e-07
        },
        "Theta_deg": {
            "mean": 159.21612167499998,
            "std": 0.033787240090292575
        },
        "Frequency_Hz": {
            "mean": 31.99984588625
        }
    },
    "timestamp": "2026-02-09T14:37:46.086982"
}