{
    "z_position_um_mean": -2.6000000000000005,
    "convergence_settings": {
        "average_count": 20,
        "duration_used_sec": 20.0
    },
    "results": {
        "R_V": {
            "mean": 4.371408322185e-05,
            "std": 8.860127235901049e-08
        },
        "Theta_deg": {
            "mean": 169.534630585,
            "std": 0.21611455804331117
        },
        "Frequency_Hz": {
            "mean": 31.9997997284
        }
    },
    "timestamp": "2026-02-09T20:23:55.487408"
}