{
    "filename": "d:\\0209\\step_z1_R3.txt",
    "samplename": null,
    "thickness_um": 26.5,
    "alpha_phase": 1.0123533407768336e-07,
    "r2_phase": 0.9940667260345181,
    "slope_phase": -0.14762324584906938,
    "intercept_phase": 4.004006653416935,
    "alpha_amp": 1.082525578503004e-07,
    "r2_amp": 0.9931271973784441,
    "slope_amp": -0.1427584180756721,
    "intercept_amp": -6.9594783967406375,
    "alpha_ratio": 0.9351772936181243,
    "x_position": null,
    "y_position": null,
    "z_position": 1.0,
    "used_indices": [
        6,
        7,
        8,
        9,
        10,
        11,
        12,
        13,
        14,
        15,
        16,
        17,
        18,
        19,
        20,
        21,
        22,
        23,
        24,
        25,
        26,
        27,
        28,
        29,
        30,
        31,
        32
    ],
    "freq_range_min": 8.07847318,
    "freq_range_max": 15.3182896,
    "kd_min": 1.1925704323362532,
    "kd_max": 2.2613356316080426
}