{
    "z_position_um_mean": 2.4000000000000004,
    "convergence_settings": {
        "average_count": 30,
        "duration_used_sec": 30.0
    },
    "results": {
        "R_V": {
            "mean": 1.9670436813633333e-05,
            "std": 3.0210617271376415e-07
        },
        "Theta_deg": {
            "mean": 153.85417582166667,
            "std": 0.7069686106023613
        },
        "Frequency_Hz": {
            "mean": 31.999885304800003
        }
    },
    "timestamp": "2026-02-13T13:26:34.986090"
}