{
    "z_position_um_mean": 2.0,
    "convergence_settings": {
        "average_count": 30,
        "duration_used_sec": 30.0
    },
    "results": {
        "R_V": {
            "mean": 2.09692562445e-05,
            "std": 3.9825548044597135e-07
        },
        "Theta_deg": {
            "mean": 154.20486958766668,
            "std": 2.38032472893725
        },
        "Frequency_Hz": {
            "mean": 31.999797694033326
        }
    },
    "timestamp": "2026-02-13T13:30:56.008685"
}