{
    "z_position_um_mean": 2.2000000000000006,
    "convergence_settings": {
        "average_count": 30,
        "duration_used_sec": 30.0
    },
    "results": {
        "R_V": {
            "mean": 2.0933695668633333e-05,
            "std": 1.513971163485655e-07
        },
        "Theta_deg": {
            "mean": 153.95040893566662,
            "std": 1.3488181375665722
        },
        "Frequency_Hz": {
            "mean": 31.999842643733334
        }
    },
    "timestamp": "2026-02-13T13:28:45.817729"
}