{
    "z_position_um_mean": -0.30000000000000004,
    "convergence_settings": {
        "average_count": 30,
        "duration_used_sec": 30.0
    },
    "results": {
        "R_V": {
            "mean": 2.9954817910033333e-05,
            "std": 4.001708917395246e-07
        },
        "Theta_deg": {
            "mean": 168.0324783316667,
            "std": 0.6923344079510954
        },
        "Frequency_Hz": {
            "mean": 31.999934323700003
        }
    },
    "timestamp": "2026-02-13T16:11:36.615203"
}