{
    "z_position_um_mean": -0.8000000000000003,
    "convergence_settings": {
        "average_count": 30,
        "duration_used_sec": 30.0
    },
    "results": {
        "R_V": {
            "mean": 3.0074513779266666e-05,
            "std": 3.022306778988033e-07
        },
        "Theta_deg": {
            "mean": 168.20560201033334,
            "std": 0.2982254600424282
        },
        "Frequency_Hz": {
            "mean": 31.999852943366662
        }
    },
    "timestamp": "2026-02-13T16:17:01.617896"
}