{
    "z_position_um_mean": 1.7999999999999996,
    "convergence_settings": {
        "average_count": 30,
        "duration_used_sec": 30.0
    },
    "results": {
        "R_V": {
            "mean": 2.19634703171e-05,
            "std": 1.9876839939162022e-07
        },
        "Theta_deg": {
            "mean": 155.82713470433333,
            "std": 0.12944922348997107
        },
        "Frequency_Hz": {
            "mean": 31.99983749406667
        }
    },
    "timestamp": "2026-02-13T14:13:39.280928"
}