{
    "z_position_um_mean": -1.7999999999999996,
    "convergence_settings": {
        "average_count": 30,
        "duration_used_sec": 30.0
    },
    "results": {
        "R_V": {
            "mean": 6.443179027353333e-08,
            "std": 5.200428999807204e-10
        },
        "Theta_deg": {
            "mean": -17.738535881033336,
            "std": 0.3331660179365952
        },
        "Frequency_Hz": {
            "mean": 31.999649747233335
        }
    },
    "timestamp": "2026-02-17T16:44:15.753007"
}