{
    "z_position_um_mean": -2.799999999999999,
    "convergence_settings": {
        "average_count": 30,
        "duration_used_sec": 30.0
    },
    "results": {
        "R_V": {
            "mean": 6.863569339536666e-08,
            "std": 8.738367136708954e-10
        },
        "Theta_deg": {
            "mean": -14.558310254466667,
            "std": 0.34071189173109007
        },
        "Frequency_Hz": {
            "mean": 31.99950809483334
        }
    },
    "timestamp": "2026-02-17T16:55:05.766006"
}