{
    "z_position_um_mean": -0.8000000000000003,
    "convergence_settings": {
        "average_count": 30,
        "duration_used_sec": 30.0
    },
    "results": {
        "R_V": {
            "mean": 5.748180586323333e-08,
            "std": 4.640052367795366e-10
        },
        "Theta_deg": {
            "mean": -21.255503018733332,
            "std": 0.9593138069919765
        },
        "Frequency_Hz": {
            "mean": 32.000124486266664
        }
    },
    "timestamp": "2026-02-17T16:33:25.767038"
}