{
    "z_position_um_mean": 0.5,
    "convergence_settings": {
        "average_count": 30,
        "duration_used_sec": 30.0
    },
    "results": {
        "R_V": {
            "mean": 4.65549516568e-08,
            "std": 5.158158435948208e-10
        },
        "Theta_deg": {
            "mean": -28.45554949443334,
            "std": 0.5106008733207101
        },
        "Frequency_Hz": {
            "mean": 31.99951559703333
        }
    },
    "timestamp": "2026-02-17T16:19:20.760008"
}