{
    "z_position_um_mean": -3.599999999999999,
    "convergence_settings": {
        "average_count": 30,
        "duration_used_sec": 30.0
    },
    "results": {
        "R_V": {
            "mean": 7.207214262436667e-08,
            "std": 8.53849223917556e-10
        },
        "Theta_deg": {
            "mean": -13.195835367766671,
            "std": 0.9460112285817839
        },
        "Frequency_Hz": {
            "mean": 31.999789237999998
        }
    },
    "timestamp": "2026-02-17T17:33:36.176539"
}