{
    "z_position_um_mean": 1.8999999999999995,
    "convergence_settings": {
        "average_count": 30,
        "duration_used_sec": 30.0
    },
    "results": {
        "R_V": {
            "mean": 4.1390075011800006e-08,
            "std": 3.0056581650648604e-10
        },
        "Theta_deg": {
            "mean": -33.7131535848,
            "std": 0.6615338805233256
        },
        "Frequency_Hz": {
            "mean": 31.999738057499997
        }
    },
    "timestamp": "2026-02-17T16:01:16.450927"
}