{
    "z_position_um_mean": -1.3999999999999995,
    "convergence_settings": {
        "average_count": 30,
        "duration_used_sec": 30.0
    },
    "results": {
        "R_V": {
            "mean": 6.23910265081e-08,
            "std": 1.3669095227375212e-10
        },
        "Theta_deg": {
            "mean": -19.587068430600002,
            "std": 0.3602860538474609
        },
        "Frequency_Hz": {
            "mean": 31.999888165833333
        }
    },
    "timestamp": "2026-02-17T16:39:55.946008"
}