{
    "z_position_um_mean": -2.2999999999999994,
    "convergence_settings": {
        "average_count": 30,
        "duration_used_sec": 30.0
    },
    "results": {
        "R_V": {
            "mean": 6.72703189746e-08,
            "std": 8.378764647565304e-10
        },
        "Theta_deg": {
            "mean": -15.487005933133334,
            "std": 0.6823559357526234
        },
        "Frequency_Hz": {
            "mean": 31.99984448756667
        }
    },
    "timestamp": "2026-02-17T16:49:40.787008"
}