{
    "z_position_um_mean": -4.599999999999999,
    "convergence_settings": {
        "average_count": 30,
        "duration_used_sec": 30.0
    },
    "results": {
        "R_V": {
            "mean": 7.443047138616667e-08,
            "std": 2.4382689500607543e-10
        },
        "Theta_deg": {
            "mean": -13.352454344366667,
            "std": 0.31247450387299036
        },
        "Frequency_Hz": {
            "mean": 31.999733797766666
        }
    },
    "timestamp": "2026-02-17T17:44:26.149573"
}