{
    "metadata": {
        "x_pos": 0.0,
        "y_pos": 0.0,
        "z_pos": -1.5
    },
    "filepath": "c:\\Users\\soeda\\TWA_analyzer\\output\\z_sweep_test_0422_2105\\pos_sammarized\\x0,y0,zm1p5.csv",
    "dataframe": {
        "index": [
            0,
            1,
            2,
            3,
            4,
            5,
            6,
            7,
            8,
            9
        ],
        "columns": [
            "sqrt_TW_freq",
            "theta",
            "theta_sigma",
            "amp",
            "amp_sigma"
        ],
        "data": [
            [
                8.485223840002439,
                2.8846045493309624,
                0.2654377437140987,
                2.989183006691043e-05,
                1.014084595679639e-05
            ],
            [
                11.31366050765622,
                2.687731380915158,
                0.1127122798819758,
                2.2421099038216665e-05,
                5.7296360720315415e-06
            ],
            [
                14.352647132706911,
                2.3624020469971714,
                0.108584482457459,
                1.164845633257e-05,
                2.685580144575311e-06
            ],
            [
                16.970563347912172,
                2.085943404521359,
                0.1297395855933183,
                6.4987670991066666e-06,
                1.1788156936208903e-06
            ],
            [
                19.799009362416367,
                1.738061907743093,
                0.1072949707219101,
                3.722344140676271e-06,
                8.625409079493026e-07
            ],
            [
                22.627337325090696,
                1.4411526235566314,
                0.0814375176856751,
                2.333434424865573e-06,
                4.492556451783845e-07
            ],
            [
                25.45569079218746,
                1.304816556787418,
                0.0954045845426665,
                1.4543766965118643e-06,
                3.0840548571119933e-07
            ],
            [
                28.389931490630037,
                0.990850343426714,
                0.1619095985037994,
                9.139457536806668e-07,
                1.892349102153377e-07
            ],
            [
                31.112568635253076,
                0.6238211056937878,
                0.2370861986261441,
                5.636722178791667e-07,
                1.4105188255136088e-07
            ],
            [
                33.94105406742985,
                0.2023982998776086,
                0.202220661478949,
                6.146749372240984e-07,
                7.369124470253529e-07
            ]
        ]
    }
}