{
    "filename": "c:\\Users\\soeda\\TWA_analyzer\\output\\z_sweep_test_0422_2105\\pos_sammarized\\x0,y0,zm1p5.csv",
    "samplename": null,
    "thickness_um": 50.0,
    "alpha_phase": 7.122075103332068e-07,
    "r2_phase": 0.9926974910752296,
    "slope_phase": -0.10501266162797028,
    "intercept_phase": 3.8728687495306398,
    "alpha_amp": 5.441872022500387e-07,
    "r2_amp": 0.9710323176760463,
    "slope_amp": -0.12013533910299246,
    "intercept_amp": -7.049103934344966,
    "alpha_ratio": 0.7640851779215868,
    "x_position": 0.0,
    "y_position": 0.0,
    "z_position": -1.5,
    "used_indices": [
        1,
        2,
        3,
        4,
        5,
        6,
        7,
        8,
        9
    ],
    "freq_range_min": 11.31366050765622,
    "freq_range_max": 33.94105406742985,
    "kd_min": 1.188077602664233,
    "kd_max": 3.564240426079656
}