{
    "filename": "c:\\Users\\soeda\\TWA_analyzer\\data_raw\\z_freq_sweep_test0422_20260422_210553\\data_1_pos_freq_summary\\x0,y0,zm1p5.csv",
    "samplename": null,
    "thickness_um": 50.0,
    "alpha_phase": 7.976827765148245e-07,
    "r2_phase": 0.9916406275843017,
    "slope_phase": -0.09922699360394804,
    "intercept_phase": 3.7706378340073394,
    "alpha_amp": 4.3825651794781327e-07,
    "r2_amp": 0.9975668996575969,
    "slope_amp": -0.13386922487694158,
    "intercept_amp": -6.802955469517467,
    "alpha_ratio": 0.5494120355244608,
    "x_position": null,
    "y_position": null,
    "z_position": null,
    "used_indices": [
        1,
        2,
        3,
        4,
        5,
        6,
        7
    ],
    "freq_range_min": 11.31366050765622,
    "freq_range_max": 28.389931490630037,
    "kd_min": 1.1226205188304434,
    "kd_max": 2.81704755043727
}