sqrt_TW_freq,theta,theta_sigma,amp,amp_sigma
8.485220188031851,2.8435627422952168,0.42122338980296203,2.9079338930500504e-05,1.443408926659056e-05
11.313650102916956,2.667399226252403,0.10945984368920272,2.584509741e-05,6.7755136247238465e-06
14.352670402678957,2.3621920285066857,0.09726061017171196,1.37247266355873e-05,3.5201036800952245e-06
16.970495613092744,2.083132260240795,0.10682778130556114,7.924280157588335e-06,1.4890589505708668e-06
19.79877468928969,1.8302734633688549,0.0740999371147078,4.458043800664517e-06,9.042735115234248e-07
22.6274261391432,1.5776905178564298,0.11121645689535668,2.831563791449206e-06,4.555178454585876e-07
25.455781985971047,1.2882721490858724,0.13115618264978676,1.863987663611864e-06,3.105261043759301e-07
28.390144178422428,1.0024768710457852,0.1273195184585628,1.1601625654751615e-06,3.522487915256448e-07
33.94055589151421,0.2870664943586221,0.018160738803383727,3.21426803395e-07,7.533119139879383e-09
