{
    "filename": "c:\\Users\\soeda\\TWA_analyzer\\data_raw\\0122_raugh_sensor\\x_scan\\0122_x75um_15step.txt",
    "samplename": null,
    "thickness_um": 50.0,
    "alpha_phase": 6.053916670485728e-07,
    "r2_phase": 0.9947675197483383,
    "slope_phase": -0.11390078606429564,
    "intercept_phase": -0.05933070857580258,
    "alpha_amp": 1.0386764151675827e-07,
    "r2_amp": 0.9952324519713407,
    "slope_amp": -0.27498234137032673,
    "intercept_amp": -8.749313733596638,
    "alpha_ratio": 0.17157097986356093,
    "x_position": -75.0,
    "y_position": null,
    "z_position": null,
    "used_indices": [
        1,
        2,
        3,
        4,
        5,
        6,
        7,
        8
    ],
    "freq_range_min": 9.29473761,
    "freq_range_max": 19.4941171,
    "kd_min": 1.0586779200403726,
    "kd_max": 2.2203952613194273
}