{
    "z_position_um_mean": -1.2999999999999996,
    "convergence_settings": {
        "average_count": 30,
        "duration_used_sec": 30.0
    },
    "results": {
        "R_V": {
            "mean": 1.1377866145583336e-08,
            "std": 1.0943724866357197e-09
        },
        "Theta_deg": {
            "mean": -25.403834660833333,
            "std": 1.537555871324012
        },
        "Frequency_Hz": {
            "mean": 31.999621136966663
        }
    },
    "timestamp": "2026-02-17T19:40:40.175059"
}