{
    "z_position_um_mean": 1.6000000000000005,
    "convergence_settings": {
        "average_count": 30,
        "duration_used_sec": 30.0
    },
    "results": {
        "R_V": {
            "mean": 1.899659255364333e-09,
            "std": 1.390675385823203e-09
        },
        "Theta_deg": {
            "mean": -50.52381197653333,
            "std": 142.29022365182058
        },
        "Frequency_Hz": {
            "mean": 31.999487177466666
        }
    },
    "timestamp": "2026-02-17T19:09:15.078089"
}