{
    "z_position_um_mean": 1.7000000000000004,
    "convergence_settings": {
        "average_count": 30,
        "duration_used_sec": 30.0
    },
    "results": {
        "R_V": {
            "mean": 5.141345689933334e-09,
            "std": 1.3851415420824062e-09
        },
        "Theta_deg": {
            "mean": 88.12990061533333,
            "std": 141.64424501590938
        },
        "Frequency_Hz": {
            "mean": 31.999929873266662
        }
    },
    "timestamp": "2026-02-17T19:08:10.076092"
}