{
    "z_position_um_mean": -2.5,
    "convergence_settings": {
        "average_count": 30,
        "duration_used_sec": 30.0
    },
    "results": {
        "R_V": {
            "mean": 8.960382036349999e-09,
            "std": 2.556628885017476e-10
        },
        "Theta_deg": {
            "mean": -16.245037682899998,
            "std": 2.9484681219847153
        },
        "Frequency_Hz": {
            "mean": 31.99992758433333
        }
    },
    "timestamp": "2026-02-17T19:53:40.116059"
}