{
    "z_position_um_mean": 2.599999999999999,
    "convergence_settings": {
        "average_count": 30,
        "duration_used_sec": 30.0
    },
    "results": {
        "R_V": {
            "mean": 3.0908805922123333e-09,
            "std": 1.1272956925446425e-09
        },
        "Theta_deg": {
            "mean": -75.33176530174002,
            "std": 51.61202660485125
        },
        "Frequency_Hz": {
            "mean": 31.999699719833327
        }
    },
    "timestamp": "2026-02-17T18:58:25.079057"
}