{
    "z_position_um_mean": 0.8000000000000003,
    "convergence_settings": {
        "average_count": 30,
        "duration_used_sec": 30.0
    },
    "results": {
        "R_V": {
            "mean": 8.712476962103333e-09,
            "std": 2.613826518512173e-10
        },
        "Theta_deg": {
            "mean": -35.49751421603333,
            "std": 15.663372272640201
        },
        "Frequency_Hz": {
            "mean": 31.999832598366662
        }
    },
    "timestamp": "2026-02-17T19:17:55.071058"
}