{
    "z_position_um_mean": 2.5,
    "convergence_settings": {
        "average_count": 30,
        "duration_used_sec": 30.0
    },
    "results": {
        "R_V": {
            "mean": 6.269463555719999e-09,
            "std": 2.79426045935451e-09
        },
        "Theta_deg": {
            "mean": 67.85501238503333,
            "std": 11.059368934405413
        },
        "Frequency_Hz": {
            "mean": 31.999784787499998
        }
    },
    "timestamp": "2026-02-17T18:59:30.081089"
}