{
    "z_position_um_mean": -1.7999999999999996,
    "convergence_settings": {
        "average_count": 30,
        "duration_used_sec": 30.0
    },
    "results": {
        "R_V": {
            "mean": 9.816118880666666e-09,
            "std": 1.2418909425879603e-09
        },
        "Theta_deg": {
            "mean": -2.1701796814506666,
            "std": 13.655527319901372
        },
        "Frequency_Hz": {
            "mean": 32.00019321446668
        }
    },
    "timestamp": "2026-02-17T19:46:05.140058"
}